ENT,CNT,SM,CRL,STD,VAR,KTS,Output
7.500692364169163,4.446105898767337,0.9995618102581584,0.9893373214367212,47.76103441869062,2281.1164087433503,2.0654136498985003,1
7.707978722087379,13.065036078307504,0.9996458790229074,0.9719466163545548,53.13091106494004,2822.8937105905675,2.277341847123044,1
7.348933579193586,8.353436647905628,0.9994456172595668,0.9724975544608636,42.45948609975749,1802.8079598554996,3.3008605536351885,1
7.760314673523715,11.191044432579538,0.9997743185671264,0.9757623306341876,66.55843060768872,4430.024684958515,2.1529918465460085,1
7.38990980067833,4.315616457642586,0.999489125003325,0.9886860928051252,44.2315045817992,1956.4259975697237,2.26109197967701,1
7.584048584490262,9.391058215957932,0.9996214716041216,0.9820737785124484,51.388809402592166,2640.809731815945,3.299008451937808,1
7.393327918249327,8.085079358675639,0.9994195842336224,0.9747844418041623,41.49581771421688,1721.902887771516,2.924513482574389,1
7.500692364169163,4.446105898767337,0.9995618102581584,0.9893373214367212,47.76103441869062,2281.1164087433503,2.0654136498985003,1
7.648087328851031,7.3526288729024225,0.9997266512772668,0.9790720114358744,60.475868009790055,3657.330611537548,2.167697434249692,1
7.563006773259832,8.456025496647747,0.9996016600690292,0.9828824535254016,50.09409816249996,2509.4186707141816,2.2130269011439467,1
7.573930494418485,8.138097157139985,0.9996045080622132,0.9823066721076764,50.27421356297854,2527.496549375975,3.2639344820960705,1
7.568787580937801,9.095271539077418,0.999558630023354,0.9800766507779582,47.588579632273785,2264.672911417263,2.384028602541022,1
7.774874104132175,14.474378504912934,0.9996808122457556,0.9704944979355818,55.96384790608664,3131.952272455598,2.219780929325172,1
7.737891287551594,7.061679735272877,0.999740918409144,0.9795987649790971,62.119143108496935,3858.787940533922,1.8931959319916447,1
7.49064838614852,10.144697597816094,0.9995240346776252,0.969897670563494,45.82568491608161,2099.9933980279898,2.5932412807244223,1
7.572099267291328,7.587385713136699,0.9996744820968329,0.9734503736469482,55.41685350835516,3071.027652766496,2.290338143631691,1
7.395727184330946,3.595148475138009,0.9995188260570866,0.9904926331420444,45.57686393433468,2077.250526088857,2.004325125582429,1
7.718750084772256,7.042044732301626,0.9997353445652633,0.9822104025550036,61.461352763039066,3777.4978834627295,1.8061932223582848,1
7.329090175455246,3.844430513199901,0.9997208848289796,0.9874466373442896,59.84772705463439,3581.7504336060174,2.008720075135245,1
7.774874104132175,14.474378504912934,0.9996808122457556,0.9704944979355818,55.96384790608664,3131.952272455598,2.219780929325172,1
7.60511839849963,7.848994807072046,0.9996762553335096,0.9730146476161328,55.56846205428915,3087.853975078973,2.316162440302448,1
7.528091242892019,9.109423184447406,0.99954229727868,0.9765195841652504,46.731405280020645,2183.824239445541,2.4469653500046538,1
7.67493595298127,9.900313057498812,0.9997202540353712,0.9729361434405082,59.78019539074867,3573.671760956089,2.314353592103064,1
7.729980579207749,8.321979213546182,0.9997489850801852,0.9779757586484557,63.10964221413128,3982.8269403956606,2.024557398490113,1
7.648087328851031,7.3526288729024225,0.9997266512772668,0.9790720114358744,60.475868009790055,3657.330611537548,2.167697434249692,1
7.566784025835091,7.62619773463649,0.9996703093561145,0.9730139354503424,55.06492923356727,3032.146431497771,2.3301335723057286,1
7.728885379323313,8.565114761365455,0.9997144569709178,0.9732216298454692,59.170086631431616,3501.0991519711224,2.0806891447733005,1
7.478213401770879,4.128341617083045,0.9995407786726213,0.991156239005164,46.654037452507744,2176.599210619995,2.038009131580202,1
7.46113255340926,9.32323584168947,0.999513511627551,0.9728017230401496,45.32711756567456,2054.547586812484,2.635249772435168,1
7.573713760530858,9.24536923322891,0.999658074553726,0.9673325417208354,54.070455469014505,2923.6141546266804,2.501071406835908,1
7.366229903652937,3.786613461374852,0.9997328998976523,0.987604722068772,61.17936499900754,3742.914701681789,1.9489848896452115,1
7.464564636847532,9.217516319048512,0.9995052823917386,0.9727441963375844,44.94836125828545,2020.3551798053363,2.586096031752571,1
7.627443159019412,8.348683143037972,0.9996978826928014,0.9738168326521816,57.52366965718135,3308.972570828527,2.375399245857904,1
7.512128230410036,5.195245407633341,0.9995668592157736,0.9885845198902496,48.03871535516244,2307.71817297432,3.3228474037379203,1
7.573930494418485,8.138097157139985,0.9996045080622132,0.9823066721076764,50.27421356297854,2527.496549375975,3.2639344820960705,1
7.487859098436432,6.089191165417588,0.9995450865719238,0.9816473512681804,46.87451811733089,2197.2204487319814,2.668027578397543,1
7.533308898037466,4.75122469931572,0.9996126526151804,0.9867131686813022,50.800215920360245,2580.6619375552223,2.9576113599811125,1
7.55219463501429,9.815195451137123,0.9995566783167732,0.9750426703738198,47.48366428540129,2254.698373968694,2.432971538999813,1
7.718750084772256,7.042044732301626,0.9997353445652633,0.9822104025550036,61.461352763039066,3777.4978834627295,1.8061932223582848,1
7.770448629762236,8.649447454884431,0.999780959717114,0.981977617607462,67.56012352642502,4564.370290905807,1.9312769837659856,1
7.512126577791326,13.656068201272657,0.999588947790383,0.9554805617254262,49.31309143081201,2431.7809864636247,2.8924261928450195,1
7.478239807468692,3.701249013800705,0.99954617032149,0.9907487391703652,46.93047858228634,2202.469819962437,2.0739150992080906,1
7.528091242892019,9.109423184447406,0.99954229727868,0.9765195841652504,46.731405280020645,2183.824239445541,2.4469653500046538,1
7.52585394020068,4.840385139220462,0.9995624616420576,0.9869627815608348,47.79658881765846,2284.513902604314,2.7202426005466136,1
7.599926102570475,8.369992378203145,0.9996014987811346,0.9817315569650972,50.08395564688677,2508.402613239321,2.3277156671386887,1
7.55480006921313,10.371109013820572,0.9996393581635544,0.9625838942954706,52.64821127025565,2771.8341499574744,2.673805214641724,1
7.8326027794935005,9.861416226119411,0.9997473584065,0.9783537520187452,62.90609213349471,3957.176427507725,1.829009970916094,1
7.351909687333713,6.094184404973783,0.9995822589415057,0.9819556640488484,48.91653523422325,2392.827419321004,2.428263515922089,1
7.45625692975281,5.487055010081571,0.999515817032958,0.9859172524866168,45.43495286323444,2064.334941684336,2.2501117852308377,1
7.58287454747532,9.235847986748093,0.9996003741531324,0.9780615577269018,50.01340466793158,2501.34064647828,2.217038384972651,1
7.542766210284365,5.712771596305336,0.9996234328459628,0.9764251558556498,51.522508080068896,2654.568838860765,2.160343184917144,1
7.5414247196526,9.233057072155315,0.9995361590114908,0.9793223585485054,46.42102151495037,2154.911238491485,2.433150723934717,1
7.5292878784702495,6.055193415753786,0.99962574763076,0.9762024606678577,51.68165799030697,2670.99377262706,2.3703436395243003,1
7.400765957601708,3.501162047047541,0.999515116639694,0.9913283699080926,45.40211067499302,2061.351653744315,1.9474335947520445,1
7.482784646821678,4.940809638287252,0.999533142742321,0.9855793627977278,46.2707503432154,2140.9823373241675,2.6694873345810004,1
7.85123191698703,9.97626919423426,0.9997496947560962,0.978588947764374,63.19906687122111,3994.1220533930777,1.825622684859592,1
7.397390425648876,5.017322519915885,0.9994694733217876,0.9883856934269192,43.40413974795832,1883.9193472602951,2.2812781510637983,1
7.578889133087911,10.913368841444685,0.9996672635793196,0.9636356067507906,54.81224180200621,3004.381851361597,2.5034135201818453,1
7.454463000768495,2.8990769610552687,0.9995337137301497,0.992981200917626,46.29908517355096,2143.6052879077265,2.0168996168449027,1
7.510846369768608,9.743534824604072,0.9995501965907884,0.9734971682767386,47.14014706421326,2222.193465235654,2.5561883130675227,1
7.586227401606877,10.228859592268336,0.9995772973674651,0.9785003603726526,48.62848232222236,2364.7292929626924,2.3041063214052597,1
7.564198697935549,7.817574539688104,0.9995970736618393,0.9663092348033387,49.8080637919225,2480.843218700221,2.3650070794898927,1
7.540397005843737,8.594470211324229,0.999660031307298,0.970427617742279,54.22589160083863,2940.4473199059016,2.496336427517326,1
7.760314673523715,11.191044432579538,0.9997743185671264,0.9757623306341876,66.55843060768872,4430.024684958515,2.1529918465460085,1
7.395727184330946,3.595148475138009,0.9995188260570866,0.9904926331420444,45.57686393433468,2077.250526088857,2.004325125582429,1
6.9205425160327785,3.4095308899892816,0.9991041429856794,0.9845107736829724,33.39535240370131,1115.2495621673988,3.73841779827014,1
7.85123191698703,9.97626919423426,0.9997496947560962,0.978588947764374,63.19906687122111,3994.1220533930777,1.825622684859592,1
7.425408650641037,4.338088785385789,0.9995307827510524,0.9905100753274444,46.15418669024006,2130.2089490375324,1.983379056789296,1
7.476051563960544,8.7814188099308,0.9995844967977944,0.9626519194339808,49.048142885796445,2405.7203205455044,2.53167161716002,1
7.794535511292506,8.813688688051972,0.999751299069909,0.9804165443798902,63.40263155413117,4019.893687988909,1.7929605707013625,1
7.445301555569754,5.020219805990886,0.9996359251222342,0.9868052579497706,52.399310407744615,2745.6877312071733,2.2691028461430407,1
7.479931616449655,6.657208786649703,0.99958373923829,0.970077056290624,49.00347224837617,2401.340292397373,2.3684764865395804,1
7.568787580937801,9.095271539077418,0.999558630023354,0.9800766507779582,47.588579632273785,2264.672911417263,2.384028602541022,1
7.415818206181866,3.059432816767424,0.9995229291370176,0.9925798114925972,45.77253170871485,2095.1246590253068,2.027908992042489,1
7.584048584490262,9.391058215957932,0.9996214716041216,0.9820737785124484,51.388809402592166,2640.809731815945,3.299008451937808,1
7.591148608725305,7.749742869062998,0.9995969209984814,0.9811828079455818,49.79862686769285,2479.9032379077003,2.5705482266846973,1
7.561774116228527,4.17454738057753,0.9995793201346168,0.9917395159073368,48.74530231187559,2376.104497476144,2.0598450558725587,1
7.519809543506717,6.4476536013253,0.999613500482838,0.9728779201877672,50.85592742090572,2586.32535384043,2.238066395515074,1
7.774874104132175,14.474378504912934,0.9996808122457556,0.9704944979355818,55.96384790608664,3131.952272455598,2.219780929325172,1
7.604031289602334,9.579182408217948,0.9995907379132428,0.9763469575027186,49.42086637107386,2442.42203286754,2.3463012340880818,1
6.818662827557844,3.082371913561424,0.9989656658107032,0.9848219770759858,31.07741167451132,965.8055163870524,3.4500955368330897,1
7.244572544727815,4.649577493821665,0.9997073018085624,0.9851156497517464,58.442180681902485,3415.488482856136,2.327879230012391,1
7.325310169086297,4.260861041355558,0.999468817453672,0.988627439359246,43.37732099756258,1881.5919769255836,2.085061034382927,1
7.550179542847765,6.7098063379430455,0.9995749055230206,0.9843287252914112,48.49142436326683,2351.418236778428,2.282471992394309,1
7.4189981536435425,5.7239772268835605,0.999610865799984,0.976522127687552,50.68340494411803,2568.807536729448,2.523791981585428,1
7.244572544727815,4.649577493821665,0.9997073018085624,0.9851156497517464,58.442180681902485,3415.488482856136,2.327879230012391,1
7.394175308319035,2.9004186921025017,0.999515545979598,0.9931467994649282,45.42223443524632,2063.179381090476,2.052902929980673,1
7.389445381649224,7.558010558688119,0.9997201308861806,0.9776358294432184,59.76703789528458,3572.0988187763837,2.086157255260744,1
7.582801738577389,7.8825444642408,0.9996127664100748,0.9835255956243338,50.80768249922431,2581.420600941984,2.1968713457432,1
7.756653809864517,8.5735104170675,0.9997746806490966,0.9815603700612556,66.61189998174046,4437.145219177395,2.1302458073239654,1
7.515134460873219,10.289905525612795,0.999522680985396,0.9777861872980832,45.76062622505723,2094.034912509396,2.504839223520791,1
7.41157075238259,3.1189406994443365,0.9995334753852602,0.9944135159716698,46.28725116838408,2142.509620725073,2.0083175848724992,1
7.386002900216474,5.551257641858086,0.9995870442129804,0.9758475122268044,49.19925550832216,2420.5667425731685,2.566070428756201,1
7.550360751440504,9.64596168831239,0.9995599789616192,0.9767994804360628,47.66150027643102,2271.6186086002344,2.432497006212236,1
7.363849959348732,3.876384096337397,0.9995059298860896,0.9923091270698096,44.97781930069996,2023.0042290464185,2.191687216969292,1
7.263116301880309,7.139130633682875,0.999574305182116,0.9764588701346584,48.45720495966552,2348.1007125030324,2.610222569177768,1
7.603729668556564,10.587718750960612,0.9996286247893814,0.9777473294152212,51.88154329642725,2691.694534819056,2.1731563398608253,1
7.656840427151868,7.647766589234687,0.999687633410266,0.9748103732327644,56.571783643335664,3200.366704588381,2.0826121243149944,1
7.8326027794935005,9.861416226119411,0.9997473584065,0.9783537520187452,62.90609213349471,3957.176427507725,1.829009970916094,1
7.617074981107244,9.749767665746544,0.9996080218056064,0.9782865625369976,50.499131878814616,2550.162320513911,2.2966452508951907,1
7.389082861639148,3.498992704674741,0.999494228383322,0.9899664642454852,44.454212226507,1976.1769846793247,2.056968979700031,1
7.623712763612062,7.430320944663476,0.99966477932238,0.9740766036607424,54.60869469033929,2982.1095357826907,2.069282304743346,1
7.434404475183369,3.870364516045462,0.99950061438705,0.9896435822997576,44.73768625764247,2001.460571687252,2.6755664576492038,1
7.437500980592405,4.666533759239362,0.9995224882933692,0.9880554279511308,45.7513879078109,2093.189495490986,2.1609191884717567,1
7.563006773259832,8.456025496647747,0.9996016600690292,0.9828824535254016,50.09409816249996,2509.4186707141816,2.2130269011439467,1
7.386524080191185,9.174994842470598,0.9994817917504976,0.9549148883038232,43.91726460398711,1928.7261302966187,2.865798705834047,1
7.487859098436432,6.089191165417588,0.9995450865719238,0.9816473512681804,46.87451811733089,2197.2204487319814,2.668027578397543,1
7.563006773259832,8.456025496647747,0.9996016600690292,0.9828824535254016,50.09409816249996,2509.4186707141816,2.2130269011439467,1
7.397390425648876,5.017322519915885,0.9994694733217876,0.9883856934269192,43.40413974795832,1883.9193472602951,2.2812781510637983,1
7.578935409998523,6.119025308387794,0.9996748186845246,0.9784099592920912,55.44553577926853,3074.2074378501466,2.0393256935249946,1
7.45071704171936,5.111735839925467,0.99951236198651,0.985906876402942,45.27362906006348,2049.701488268224,2.138721503767134,1
7.538305552441029,8.210850190104656,0.9996131589284976,0.9673535367277672,50.83346261694256,2584.040921628097,2.200013441910799,1
7.366229903652937,3.786613461374852,0.9997328998976523,0.987604722068772,61.17936499900754,3742.914701681789,1.9489848896452115,1
7.761310146555624,8.502803889964715,0.999724252119273,0.975424892758459,60.21213437659799,3625.501126185493,2.0151765979082703,1
7.55219463501429,9.815195451137123,0.9995566783167732,0.9750426703738198,47.48366428540129,2254.698373968694,2.432971538999813,1
7.826488595583054,8.606447432079438,0.999760551845847,0.981172759964574,64.61632459262675,4175.269403859701,1.7513626178247748,1
7.404351262560718,3.3750469765791795,0.9995101780003977,0.9925986780773858,45.17253540994703,2040.5579553629184,1.9562414207774292,1
7.539323361585446,8.504567963852518,0.999586991997203,0.9814199930434626,49.196144043251664,2420.2605887243662,3.352687416538249,1
7.301117719805937,6.250435749643481,0.9993653235925614,0.9873465920563208,39.681306303187526,1574.60606992739,2.982275108311529,1
7.710357791525335,20.01081596099141,0.9996763656360748,0.9596524685857916,55.577933864271046,3088.9067326212867,2.240845443949566,1
7.76013194635445,6.865948950025976,0.9997888600984656,0.987015058184554,68.81276192134351,4735.196203243503,1.7405916552814718,1
7.549707721528948,11.113787896082428,0.9995657046599816,0.9759892392091896,47.974790706823946,2301.580543363561,2.440712108879706,1
7.399356950638875,10.122799315768606,0.9994574216588732,0.9747301652002957,42.91913118466593,1842.0518216465632,3.004944998512165,1
7.502066931180246,9.20401743022802,0.9995252616960876,0.97834103766468,45.88489587131774,2105.4236691216715,2.4667162451225826,1
7.454028036762989,7.667318169472118,0.999476123796722,0.9808657221963146,43.67891846369866,1907.8479181584355,2.510978961112003,1
7.75176179483496,12.19903945133069,0.999733098519682,0.9693051902508908,61.20213099319736,3745.700838108488,1.7417043639004,1
7.733810676332514,13.312087503236375,0.9997072817726832,0.9631305009772576,58.44017994664995,3415.2546321968266,2.056351391434613,1
7.458492413763943,12.968754166840124,0.9995651635155032,0.9712713470057754,47.94491664736313,2298.715032322598,2.804227522699517,1
7.852825076411532,21.067660265566133,0.9997610486886852,0.9533869790587576,64.68348297760218,4183.952970113752,1.757262576281473,1
7.893900868185623,20.903717438749048,0.9997565331528052,0.9554136078008024,64.08069443398784,4106.335399142121,1.8981854389016903,1
7.787024826671985,20.824944746294552,0.9996887055478944,0.9598507527817624,56.66915049745122,3211.3926181027755,2.144654656979116,1
7.784446370665408,16.624331455727376,0.999701546605072,0.9557350126497004,57.87578842093032,3349.606885344292,2.0392610945246967,1
7.40340838852274,12.512780803341874,0.9996065527736568,0.9745272402588504,50.40473121424274,2540.636928780057,2.682755930316014,1
7.80009935751155,13.327560092174595,0.99973117650627,0.966111435161551,60.982890767829176,3718.9129664009847,1.8268356107533028,1
7.509323083771438,7.363147124000285,0.99970527958606,0.9792746946132708,58.24127630715443,3392.046265886308,2.3786439396224,1
7.765620617355104,12.26094532436779,0.9997375438308292,0.9695393993480296,61.718392796792486,3809.160009419167,1.7471702852991176,1
7.782493939523258,16.225962364932258,0.9997005719340584,0.9565731641983772,57.78148747200758,3338.7002944777696,2.0490706199696263,1
7.475677872427622,10.253022918754503,0.9995285018969836,0.975220065637797,46.04236426519946,2119.899307129316,2.295594352698933,1
7.818110508219177,13.449602642968555,0.9997222502384172,0.9643967882611284,59.994692486191646,3599.3631265127005,2.013914458019273,1
7.773702062553619,11.108314935000138,0.999748083779983,0.974650355257699,62.99661652594548,3968.573693717027,1.8790950162126565,1
7.686083895197528,10.635576261114158,0.9996398796011252,0.9781742884761097,52.68632730328023,2775.849084708372,2.282240149306176,1
7.745506387875674,14.071797183673608,0.9996866077894642,0.972229318412178,56.4791091863001,3189.8897744780083,2.094492327691974,1
7.832557657483937,11.78787538529756,0.9997402258171448,0.9701161090345476,62.03625746521711,3848.4972402907056,1.9099252804669051,1
7.714402193509088,12.365483584900383,0.9996958767409764,0.9642767087055604,57.33358948819619,3287.1404836010006,2.1802090648451293,1
7.161038114869459,10.481274590100284,0.9991982718509824,0.9724713098270856,35.303053516555075,1246.305587592752,3.097118625541494,1
7.606310905351045,12.073464154339865,0.9995800428815304,0.97299350136338,48.7872472921953,2380.195498349818,2.516272823626789,1
6.965364311602145,7.43255526887615,0.999045606522465,0.9807993831160337,32.35407037468363,1046.785869809981,3.223329670115929,1
7.707117502063961,14.69919149473833,0.9996723667169516,0.9692363041020824,55.2376045828938,3051.1929600561293,2.074616678481785,1
7.747361146130872,10.374947008172,0.9996816424648652,0.9799494634988216,56.03679548011141,3140.1224476798343,2.0011239859735603,1
7.741704899080245,24.887068210034705,0.999664501771531,0.9517413904795538,54.58609410868395,2979.6416700421005,2.2657285479309777,1
7.493779054429666,10.947930647549924,0.9995134631036,0.9709258378088224,45.32485609664431,2054.342580181515,3.202127282805612,1
7.782263552833546,15.879048791303756,0.9996967858960524,0.957660487586394,57.41950558239317,3296.9996213264794,2.0442217399448377,1
7.700932798874376,18.981568341488703,0.9996568846842868,0.9415845547174164,53.97658804588145,2913.472057074792,2.268959852861764,1
7.52291077983527,9.01957697913897,0.999541389183088,0.978878546931524,46.68509470351231,2179.4980674759126,2.4066834633624503,1
7.708990635709484,11.525109954845572,0.9996576986003852,0.9652599694222456,54.04074406568953,2920.4020191733584,2.2513352133172893,1
7.653994335131915,6.316455502519453,0.9997018494649628,0.9754029829503384,57.90518470595476,3353.0104158307367,2.071115322301169,1
7.640757096511221,11.439563820439457,0.9996332646655738,0.9603565515126868,52.20883135040801,2725.7620709753464,2.3366943691499764,1
7.630268724339249,6.189299608257651,0.9996855773308004,0.9758774411868132,56.38645456788333,3179.43225873597,2.105851977211372,1
7.680782409871032,6.571612936165813,0.9997260432695833,0.9762155371054092,60.40870360530447,3649.2114712735247,2.070463186851955,1
7.622177515643963,5.255592837608718,0.999746540889272,0.9864320149899451,62.80453459565869,3944.4095657772887,2.456333486628673,1
7.605744572708931,9.897210392908608,0.9996207319948016,0.9845477397481838,51.33865938193114,2635.6579471339464,2.1857075504701973,1
7.441892181477614,7.66718198760424,0.9994664917157944,0.9849634740303858,43.28261937584425,1873.385140034208,2.8562096038259592,1
7.892053013560881,20.796783668562423,0.999754879674088,0.955513868081669,63.86414518702362,4078.629040469233,1.8973242561387609,1
7.597643520186366,10.066588106732691,0.9996731997636354,0.9798699467355853,55.30798592436292,3058.9733070095267,1.9298271786779675,1
7.735746453518701,12.630810411755723,0.9997030076300842,0.964562608762709,58.01801331733512,3366.0898692904752,2.002968939386195,1
7.390986320139754,12.40576726592246,0.999597489491851,0.9744270698903617,49.83379564881591,2483.407188767944,2.669401810861833,1
7.839029643094687,18.587471925834105,0.9997637504849856,0.9586650871218694,65.05238598336592,4231.812922128824,1.7861230769717855,1
7.829478356892259,11.696576944365416,0.9997364016166642,0.970374497256992,61.58449458804474,3792.649973664912,1.9684752561030685,1
7.384901747278748,9.750099916671964,0.9994127866156384,0.9784843334595962,41.25479922102601,1701.9584587671686,2.7686571650808225,1
7.470755457817919,7.7850111064716305,0.999668446412863,0.9870294391727412,54.90995990937106,3015.1036972487373,2.1947162145819794,1
7.536207833042017,10.767993727695128,0.9996976859720816,0.981596245955317,57.50494515372089,3306.818717132448,2.110321041021368,1
7.600684101400757,12.735166734148011,0.9995744926707302,0.9709768064051192,48.46788402594357,2349.1357819523155,2.553675595204996,1
7.482838301275731,9.042883654888874,0.9996780257139252,0.9844355770182096,55.72107397336587,3104.838084745312,2.066246153840737,1
7.847390471126678,16.437666102290468,0.9997687285599912,0.9643564614409064,65.74894248598038,4322.923438024755,1.7498652565907091,1
6.547224327129111,6.479739542474409,0.9990621627242844,0.9848277482069162,32.63867429690255,1065.2830598592873,6.156465521326568,1
7.129151593216672,7.679208989341561,0.9995484929072922,0.9803381798615818,47.05108533618548,2213.804631313008,2.7538308132268083,1
7.729437549268182,13.330861894247228,0.999705797576492,0.9630940712667038,58.292540403084445,3398.0202666452324,2.09036254907784,1
7.794074700926421,10.479789015203409,0.9997183374506406,0.9717772618213264,59.57640267556405,3549.347755760955,1.892193949834697,1
7.4657557376207535,9.729975519909283,0.9994902987068824,0.976434836154262,44.282427865643925,1960.9334176759576,2.507103177061729,1
7.568344196173289,11.896448767816516,0.9995545095432103,0.970583812905298,47.367889927654666,2243.716996198408,2.396618238549672,1
7.524297716958268,11.701742439007758,0.9995306394868636,0.9732497892685856,46.14713896137396,2129.558434320358,2.412385999344131,1
7.84487404431666,16.392045750008336,0.9997696098854356,0.962721077930998,65.87460821678445,4339.464007714845,1.73998113374676,1
7.719099206072861,11.638813092367634,0.9997836359676728,0.9739391452763114,67.97676280275763,4620.840281142374,1.7213979031868936,1
7.768333841345506,14.327837480792049,0.99971794010238,0.9649179805447364,59.534412308591136,3544.3462489293274,2.077385301761098,1
7.716516679288835,12.789922243552976,0.9997190356076892,0.9658605738637938,59.65039707518033,3558.1698712266816,1.7791026355306352,1
7.77800214128335,11.908213982950908,0.9997307624472936,0.9703980602654576,60.93596747708012,3713.1921323677657,1.7739456087138137,1
7.568334364380054,8.011041357907782,0.9995504971801764,0.9828343567504324,47.15591318803065,2223.680148597083,2.4568511246871734,1
7.771770695067729,11.072417756145375,0.9997486337446232,0.9747783666465047,63.06551141850136,3977.2587304771255,1.8779534733536336,1
7.891015387346996,20.8248352653858,0.9997551033265928,0.9554389287917288,63.89330772454828,4082.354771983821,1.902880752289518,1
7.7051617642985715,16.437170192149434,0.9996525445273908,0.9654461260826868,53.63829440571576,2877.066626754238,2.126344651688802,1
7.721292192791192,16.446424913190057,0.9996562307700924,0.9664093999073992,53.925209124683285,2907.9281791408253,2.169745674628016,1
7.746516816438887,10.119756343177189,0.9997104467617122,0.9726770190193812,58.75879786239175,3452.5963262334126,2.1927081131929187,1
7.854685599237376,16.48412441784188,0.9997657211215308,0.9628326555288578,65.32547147683636,4267.417223670961,1.737444865005448,1
7.524116097119018,14.573576055626656,0.9995303872977748,0.9571166629278112,46.13474062327981,2128.414292377304,2.516639896931571,1
7.754647511791563,10.507896131610112,0.9997106241699376,0.9715743045206228,58.77681200541371,3454.7136295197456,2.1599495337037893,1
7.374619498835764,9.810037258315544,0.9994380448085872,0.975638829883078,42.1722813146383,1778.5013112809904,3.0390616876199763,1
7.291828928901458,6.601493695033558,0.9993467901200436,0.986712139119055,39.11395560285777,1529.901522902329,3.119258295532272,1
7.809416900503598,12.846022374728047,0.9997316155419712,0.9678204676691784,61.03276310283304,3724.998171966539,2.0300475644163485,1
7.763588336944939,25.112311790848445,0.9996722137399076,0.9471526611738392,55.224709225874015,3049.7685090823343,2.310323945737754,1
7.520726282111232,6.710939730397446,0.9995491853684836,0.9839323449160352,47.08722353197214,2217.206619949911,2.269985221190192,1
7.449088971246319,10.48176810944372,0.9995406730147132,0.9776373994368088,46.64866881902165,2176.0983025867627,2.992752778271043,1
7.560482086590033,11.642747165418296,0.9995501536457818,0.9710057781341536,47.1378958585805,2221.981225974381,2.406912972457212,1
7.776460487132651,16.19383669702396,0.999696840010572,0.95648468234116,57.42463164252584,3297.58831927978,2.041953698265717,1
7.89449152112944,20.918743550011968,0.9997553879896526,0.9554384401861822,63.93048339042737,4087.1067065337097,1.9036450889467933,1
7.591788754723279,17.309021235902282,0.9996246524972636,0.9613188064379324,51.60618009413962,2663.197823908772,2.3506524796754698,1
7.405215061953982,10.076863167738594,0.99949436235261,0.9781665102906256,44.46010391397615,1976.700840041557,2.9894722079473044,1
7.895229543853429,21.25279948576035,0.9997556404335952,0.9549916341373046,63.963505719267545,4091.330063898772,1.9142452162625383,1
7.610724682340065,13.633749877398214,0.999593445882772,0.9687670501362198,49.58525124947813,2458.697141473872,2.4257445727749145,1
7.778746710179691,11.849677720964058,0.9997411075331784,0.9725303976108898,62.14183423148049,3861.6075616528,1.917989423182294,1
7.8126182631182,13.48055013717421,0.9997151577609408,0.9638965318806278,59.24285000148225,3509.715276298125,2.043189810689745,1
7.644890082703582,14.460787589893048,0.9996344196828568,0.9666732515417022,52.291271013093095,2734.3770241647503,2.3040173978181056,1
7.287031689968032,6.779934313877054,0.9993487144051774,0.9866894168722804,39.17173364584289,1534.42471682086,3.2071797479426425,1
7.468806142907567,13.322709739976776,0.9995803518940056,0.9706139866715612,48.80521404229789,2381.948917714511,2.7817729045463127,1
7.653065788142056,14.073337818291169,0.9996391932393138,0.9676855523000728,52.63617284282227,2770.5666915394604,2.218124705369032,1
7.837206700259943,11.609366445108945,0.9997408395826496,0.970806525326098,62.10969283077767,3857.6139435335535,1.9222882134014432,1
7.736591413802956,21.64003171604961,0.9996738792995946,0.9495714806781131,55.36559723350884,3065.349357023122,2.1882542358826678,1
7.781371232969327,11.0891827304632,0.9997511546615554,0.9748379026459874,63.38422759949948,4017.560308385151,1.8678833747005423,1
7.290857322546309,8.81929335810029,0.9994497506025348,0.964911112676175,42.61874866101611,1816.357737430863,3.519217621289418,1
7.624475560116517,20.45409451758324,0.999641291695462,0.9552737129160972,52.78996546485431,2786.780453780511,2.3801868289925654,1
7.720699002607617,7.237577042447201,0.9996724799391118,0.9772393351023478,55.24715457786832,3052.248088950876,2.1182590372834937,1
7.843083451326516,21.026357098193444,0.999728998786632,0.9622124710029344,60.73730631806336,3689.0203787742585,2.152020129520521,1
7.680918500746641,6.507660315678912,0.9997285795759588,0.9768065460209197,60.69037087909973,3683.321117442676,2.038210564455727,1
7.615041104300743,10.307323139816942,0.9996623472229708,0.9788048876721974,54.4116009455115,2960.622317453588,1.9827956615934923,1
7.545536351386536,10.872759271561891,0.9995695219316836,0.9764875433018014,48.18712189040868,2321.998716081104,2.476389682263015,1
7.701637305833184,19.036637496828096,0.9996536468632872,0.9406511272072012,53.72361334518908,2886.226630863378,2.289440134303088,1
7.776631975662763,6.730042354410065,0.9997902434323798,0.9872009978567786,69.03934513555757,4766.431176746637,1.7324192374390943,1
7.721647347686259,15.890744304950598,0.9996595323698662,0.9649293514292664,54.18613091310221,2936.1367833318504,2.329713522886321,1
7.575531342479039,7.918597952659249,0.9995551889078266,0.9835430256816318,47.40406497187893,2247.145375858119,2.441095768841508,1
7.732358495361318,13.05324807982463,0.9997037540772096,0.9632622277815136,58.09108264856033,3374.5738832818674,2.0353170536586287,1
7.757597042155848,10.361374870608811,0.9997099235999368,0.9722342071422768,58.70577193301966,3446.367658251719,2.171241030550745,1
7.707398375098364,17.24885610600209,0.9996584672214016,0.947129315032157,54.10154015580113,2926.9766472297624,2.232891969431609,1
7.707235858745276,10.715148801416664,0.9996427111952084,0.9805320587970752,52.894765694118185,2797.8562378356623,2.2614025094680046,1
7.638932550184311,12.517110738677584,0.9996126681855992,0.9698327554029782,50.80123736908593,2580.765718230213,2.135280459464491,1
7.47085977144458,9.711195457401324,0.999494397085468,0.9806747141842072,44.461631774182,1976.8367000229505,2.510458201785936,1
7.5744653860974385,7.872656008795402,0.9995562511425348,0.9836294566265982,47.46079359824263,2252.526928974989,2.3958127464188976,1
7.486305352166534,8.823073318163667,0.999487574346326,0.9808696025547862,44.16449488985528,1950.5026088760535,2.5285236203283388,1
7.763209629878682,9.73495625868502,0.999704682913801,0.9735602128374988,58.182392514807134,3385.1907987470854,2.0575417096597874,1
7.865383103358368,15.0601746917825,0.9997346662760552,0.961234626831632,61.38272291775628,3767.8386727980414,2.0269075679568864,1
7.642243960551072,18.57637878509885,0.9996145038389812,0.9567356935156516,50.92209299746943,2593.059555242925,2.324442693338011,1
7.63940201831746,19.37728276779322,0.9996298223607656,0.9585128762678624,51.96542832972968,2700.405741492272,2.163729117021142,1
7.59019809215383,13.7502539802916,0.99964374875007,0.9660387217827928,52.97176318814397,2806.007695260805,2.1913319854613027,1
7.249281614784859,14.424462079856475,0.9997080612747008,0.9674683858779936,58.5181709547019,3424.376331883717,2.5784192341044903,1
7.667716943824582,17.271663809712315,0.9996099570578716,0.961952989775856,50.62430510066439,2562.8202669251546,2.528316341936341,1
7.854077549186652,19.046714325449447,0.9997426173262904,0.9558719786656072,62.32387514211147,3884.2654127295,1.93150475387254,1
7.739834026809787,16.356847120414553,0.999680579958096,0.9671708430016932,55.94348877705762,3129.6739365487715,2.258243264189777,1
7.781692316700367,17.45302862011936,0.999710421199276,0.9498902260798372,58.75620360096816,3452.291461598424,2.0637386280792644,1
7.894444924267639,6.98184452323278,0.9997890843598218,0.9864167438368708,68.84934337311199,4740.232082908681,1.7100280820593012,1
7.430986276143168,8.0931461944339,0.9995483012841238,0.9825350618448816,47.04109957833564,2212.8650495388897,2.294569928069788,1
7.759787796450521,23.322249300592357,0.9996741932233943,0.9475963257121064,55.392272647505486,3068.303869055584,2.1933380356257617,1
7.720535824583781,17.900682472701856,0.9996641313928424,0.9625782923742444,54.555978326395376,2976.354771150122,2.1378366399874555,1
7.592260843487438,11.810540410122863,0.9995718146824416,0.972918933521808,48.316015863187495,2334.4373888917858,2.3378792839045777,1
7.713497825300634,14.783889770072316,0.999665396705916,0.970453111125683,54.65906817333569,2987.6137335773583,2.107214138606809,1
7.885308213934857,24.879169650881344,0.999786283924766,0.9553480653498884,68.39667539367865,4678.105204908247,1.7083842961953508,1
7.6805698803784574,14.533646315997515,0.9996243113807084,0.9639199828221128,51.58273736493559,2660.778794059922,2.3119270488649937,1
7.804342090658135,23.106017921174352,0.9997132978648238,0.9498619846891656,59.05032209355122,3486.940539352144,2.0918098514358947,1
7.763899877728309,22.55401263464776,0.9997457398927968,0.9484697572096594,62.70550477181327,3931.980328687896,1.998533997387597,1
7.7679543987288415,17.929256962525244,0.9997044124948946,0.947649263271636,58.15576441193286,3382.0929343362363,2.0789436076903662,1
7.708744688757411,18.01772583406219,0.9996578373227136,0.962222566705322,54.051701521191774,2921.586437336005,2.160318148017716,1
7.529456205833334,10.820452138281953,0.9996274271244038,0.9698783443546436,51.79805648144847,2683.038655255325,2.330127183740733,1
7.67696539333882,14.23567987271266,0.9996425114050184,0.9712757319475795,52.8799776553456,2796.29203682985,2.364882539274855,1
7.867709876574525,10.689166594379577,0.9997365830614908,0.973501475486744,61.60570660596864,3795.263086420688,2.0055131737324103,1
7.399524519419521,13.571220660268851,0.9995380591557814,0.9648615668970476,46.51644170557429,2163.7793489480914,2.8811737073233497,1
7.307286143780377,11.56974425099779,0.9994680089312216,0.9598862436919268,43.34432840707865,1878.7308050606853,3.2721247342763164,1
7.732313939962374,13.7533591317534,0.99966419460494,0.9750984646215894,54.56111462580015,2976.915229209703,2.1839827369906644,1
7.695970809385045,20.937598728377683,0.9996282469393524,0.948737091635338,51.85516057745961,2688.9576785141207,2.477141111747589,1
7.838635598125911,18.70325169491476,0.999734840290529,0.9702899022777955,61.4028665593541,3770.3120217058463,2.011173463040887,1
7.704399190318104,13.091337514790355,0.9996845052665432,0.9606554982685848,56.29054109996464,3168.625017326808,1.9884513870500893,1
7.847815884260877,19.012758840182748,0.999738557071953,0.952956137795928,61.837905545494905,3823.9265622535495,1.9410473785498537,1
7.717200407402839,13.66717816406565,0.9996657775234484,0.9743486279393286,54.690209359549016,2991.0189997913026,2.156686906118844,1
7.75610282852858,17.072066002723904,0.9996990329758412,0.946751788639136,57.63352447863433,3321.6231438293426,1.990066715665428,1
7.716555103790776,17.79520056237824,0.9996625415608872,0.9627952133743468,54.427271446787095,2962.327877142246,2.138240776331901,1
7.768596555284065,20.06475443963719,0.9996921089887856,0.9597451180089738,56.98159833273735,3246.902548553416,2.1105537236589904,1
7.812226137344092,18.388924188521056,0.9997155234991908,0.9511169180008098,59.280931505715785,3514.228840185366,2.000857999604931,1
7.689474249292201,18.494703579366245,0.99964764454585,0.962743400411156,53.2639014549588,2837.043198203562,2.162536478930851,1
7.629802043514374,14.338547580644429,0.9996528472354588,0.9661247508181324,53.661683024828505,2879.576225057168,2.19882311513492,1
7.715125680849587,18.339270305703344,0.9996708199907354,0.941416250313444,55.10763600288853,3036.851545826856,2.154733944366033,1
7.745604448162939,14.735726098453547,0.9996995860697194,0.9543395279968973,57.68657075188695,3327.7404451124585,1.9780299460078423,1
7.643263373170784,18.02382336955118,0.9996717805791878,0.9594126947476987,55.188244410507664,3045.7423211139303,2.33334691437148,1
7.602520825193169,14.875709708394735,0.99961383237611,0.9666898045152696,50.87778533620431,2588.549040716887,2.180582503621682,1
7.776077015394225,19.185695670120623,0.99971522589167,0.9648557706449316,59.24993836899389,3510.5551967295737,2.184780412824592,1
7.496213760888027,14.40052540331702,0.999629999464059,0.9491753944367396,51.9778682505582,2701.698787872386,2.321419860199811,1
7.846619323922052,19.28992487758855,0.9997398160973826,0.9521536373413396,61.987380297108025,3842.435316098296,1.9333999690205328,1
7.538279644521803,11.010529536775572,0.99962125622303,0.9697162479813812,51.37419009405532,2639.307407820132,2.2739694103474792,1
7.816161321843685,17.304782367994374,0.9997554608531376,0.9595940258366824,63.94000945301378,4088.324808851492,1.763727152000251,1
7.805124795549174,15.569782248629211,0.9997206753693324,0.9603433061174758,59.825277305226,3579.063804647189,1.888831291436168,1
7.712279017573607,11.839596340511084,0.9996850644225692,0.9638957331461018,56.34050554309991,3174.252564852072,1.9579682579699045,1
7.307246146079597,11.301895484901594,0.9994700744987738,0.9602556435706072,43.42876586651607,1886.0577046886715,3.2633908409450174,1
7.6346321202459455,18.39551407287762,0.9996317022620814,0.955161506607019,52.09793201986897,2714.1945207468884,2.192181451895704,1
7.616030896256171,14.27282570277886,0.9996235653797904,0.9682959897105954,51.53158063319489,2655.503802555467,2.109391405675156,1
7.465568158865803,8.142889952690162,0.9995662644772568,0.9830000174944892,48.005754411913664,2304.5524566569684,2.3446324146707425,1
7.437037023239736,8.683131899895972,0.9995459720212396,0.981800567455069,46.92022418301298,2201.507437384196,2.417196482128661,1
7.806612913184037,23.22450272962416,0.9997133170001103,0.9492207964112208,59.05229334756376,3487.1733496067227,2.1013514821758785,1
7.639274638654365,18.54380314922755,0.9996292217873726,0.9580702104022468,51.92330979745528,2696.030100322516,2.3508440975545435,1
7.8456127093693055,19.12326319024855,0.9997389857321644,0.9526424764468252,61.88867576182653,3830.208187552496,1.9314972318785064,1
7.785965544709175,16.68200619326114,0.9997281215468532,0.9564207762874734,60.63921340985684,3677.114202966161,1.84706714978117,1
7.872194477037604,17.973459924133245,0.9997780932021404,0.962383520139606,67.12224983181636,4505.396422484772,1.7615251004537762,1
7.753926654203076,15.684327466541294,0.9996978015622342,0.951845507844216,57.5159451768287,3308.083949583965,2.027663196712949,1
7.735709273692697,18.17582801902272,0.999748201460514,0.958345728611165,63.0113395599376,3970.428913137757,1.975397818448583,1
7.863417669038237,22.247381316393643,0.9997441751971144,0.9504248599599217,62.5133995761949,3907.925126573005,1.8731024066114248,1
7.833268786928009,15.188877842401803,0.9997326079955938,0.962447870459716,61.14595331757443,3738.827607114992,1.8913970763284564,1
7.397861143603102,12.081566839219946,0.999518871104226,0.9686450215231468,45.578998546939765,2077.4451085419373,3.0165690796005697,1
7.764431598544337,17.968578845601638,0.9996969426743456,0.9688168655580026,57.43436035914716,3298.7057498643744,2.2316372502954134,1
7.646664477922703,18.629886952326867,0.999616289546736,0.9566690747632725,51.04049140513646,2605.131762877809,2.3157265297689205,1
7.787231415731648,17.680203747188752,0.9997088242128032,0.9492383897671262,58.59480774582455,3433.351494770141,2.072742787574815,1
7.830379730185816,19.08720194436534,0.9997316529632118,0.9691752364653032,61.03701963425454,3725.517765832375,2.118856047143889,1
7.867166828893891,14.99410872006364,0.9997856156833383,0.9694703409713312,68.2899722775664,4663.520313670788,1.701462884139596,1
7.805677397604922,23.31612296396826,0.9997112877873404,0.9496422496719896,58.8443432752989,3462.656735501216,2.109085743742367,1
7.695701905650823,18.75584275528422,0.9996519923518192,0.9627516922261914,53.59570939874187,2872.500065954387,2.119876465860862,1
7.633479027976415,19.18315332946133,0.999630951730701,0.9532543365777504,52.04490988549093,2708.6726449888706,2.2396980263047155,1
7.589861597738731,12.79171252275396,0.9996357917096016,0.9689061326628504,52.38970887341512,2744.6815958411903,2.195859164127795,1
7.760867143185928,23.09597822245225,0.9997463509470206,0.9484710933537216,62.78100899180607,3941.455090029234,2.0462932844524584,1
7.460910254854181,8.351199463353458,0.9995652005374326,0.9826651526734476,47.94695867804754,2298.910846474398,2.362097498725797,1
7.701596827792936,14.783894397200612,0.9996552875306516,0.9698677820611116,53.85135519266748,2899.968456086834,2.1573317061176724,1
7.87789468924685,24.65354091276415,0.9997801836839424,0.954067521977493,67.44073575761897,4548.2528395289855,1.7130526024778998,1
7.860878663629155,33.75624706106649,0.9997329867154692,0.9348539669888069,61.18931290493739,3744.132013778337,2.041288268290524,1
7.858016414684521,13.285656885863652,0.9997296362246192,0.9662779974328816,60.80888387194279,3697.720357751424,2.049613193863204,1
7.494543540136767,14.064597340990504,0.9996253193019272,0.9499677959519972,51.65209766448598,2667.9391931415976,2.360079447700249,1
7.849272368065394,19.29486044336437,0.9997422190012732,0.9522929514993392,62.27569247478572,3878.2618732140822,1.9156476648967875,1
7.638713486144962,18.660901156815104,0.9996421402063372,0.9594000414065326,52.852535212262126,2793.390478363408,2.108844974584928,1
7.509476085309492,9.505018231404192,0.9996059825746726,0.9721888547225944,50.36823225404391,2536.9588203973094,2.3591824349117854,1
7.76533748125423,17.929559087975008,0.999697229375297,0.9465456726949582,57.4615551686202,3301.8303223963826,2.102751897359696,1
7.856206241084766,13.87501545836028,0.999804126878608,0.9747129389076687,71.44470386240847,5104.345709987244,1.7075469766576852,1
6.614225629548757,6.1617821553383685,0.999575732390523,0.9913404958863432,48.53867461316101,2356.002933202321,3.979433084405128,1
7.674563205372966,15.069955385839396,0.9996421756083604,0.968185400471682,52.8551506155552,2793.666946593025,2.122453969857653,1
7.732115333184058,18.330270467961533,0.9996879100360984,0.9649699430165926,56.59685756431908,3203.2042861558216,1.9728890254007911,1
7.723552705305096,13.177683813084414,0.9996900045908134,0.9604483962881396,56.78779995326047,3224.854223531529,1.961563383020654,1
7.687335778376159,14.265410737629349,0.9996559537591708,0.9709016611298468,53.90348817972529,2905.586037941784,2.1426561047144834,1
7.758491791890316,19.898695068581223,0.9997371006282956,0.9695608688136462,61.66633395556479,3802.736743519243,2.1586658430709256,1
7.7187639364267,16.10659691025711,0.9996743614034532,0.9463411423490374,55.40657947205476,3069.88904879312,2.2045406886342223,1
7.662443163934602,14.777885773598191,0.9996577848622048,0.9707049156466688,54.0475569659614,2921.138413988843,2.0237984515410803,1
7.775314056579594,18.109601578547554,0.9996982253025476,0.9653578106334044,57.55632403815171,3312.7304367847205,2.1541378461519,1
7.84215302498949,16.854807101771737,0.9997301391221756,0.960355401249636,60.865532816336895,3704.613085016584,1.966057117757359,1
7.825497262359113,22.098788012728438,0.9997310559120516,0.9458637915931294,60.96921322868728,3717.244961725136,1.8840715389788347,1
7.791639607834489,20.88777780934274,0.9996821857747198,0.9601487400754124,56.08468828583536,3145.492260119318,2.2074347004538364,1
7.784261547813755,17.454661265021524,0.9997084337042412,0.9495459316901592,58.555543759788925,3428.751705004556,2.058470080721289,1
7.84704137258493,32.15667376170244,0.9997224291733128,0.9370520165584454,60.01403240778785,3601.6840858430105,2.030298558372915,1
7.643589214326454,18.237672351135497,0.9996258623654468,0.9585978607798568,51.68958481113934,2671.813177947967,2.387356468158216,1
7.733860551205103,16.365635907804894,0.9996854076638996,0.9484352929911364,56.37124247594394,3177.716978281666,2.1012949043033826,1
7.2644575801154785,12.92015808023332,0.9997759350599972,0.9785346310284616,66.7981425271556,4461.991845078194,1.751430246728786,1
7.422765597407681,8.887948776137465,0.9995443103434756,0.9816900592326868,46.83455954485319,2193.4759677603984,2.478324025057802,1
7.670081587251517,19.496073200181367,0.9996462320448722,0.9547357515064318,53.15742327801563,2825.711649558118,2.1929860452897225,1
7.637889253615846,12.685490357530863,0.9996905451198288,0.9551991684969532,56.83738968879936,3230.4888666364354,2.144208016898394,1
7.731417334062877,17.668421518561697,0.999689770042314,0.9663655083194886,56.76632210554746,3222.415325390766,1.995351968374718,1
7.820592428081548,10.117076250614652,0.9997208710810828,0.9745420927823828,59.84625278924254,3581.573972913921,2.108236017226822,1
7.690448337003994,18.550794211659365,0.9996490468672168,0.9627176382613348,53.37024744589339,2848.3833124358903,2.1235906728694696,1
7.66435693407605,20.02828780035881,0.999643294430777,0.9528657880649658,52.93800657481637,2802.432540115301,2.2389706594779284,1
7.069509551134994,3.9592700647365415,0.9995005010440864,0.9939677388310124,44.7326076450043,2001.0061867218967,3.412363117374059,1
7.644544227917812,18.478276982253632,0.999617689029362,0.9572244393582856,51.133860946710136,2614.671735317488,2.320875066741772,1
7.7216383505496,18.007371262035765,0.9996653880529628,0.9621086651478288,54.65836119959892,2987.536449025821,2.143548510594635,1
7.636102343054194,18.77930535686707,0.9996351401935016,0.9544064292675124,52.34289577388094,2739.778737995364,2.2285577728643577,1
7.803664594220734,15.303935607186652,0.9997188425626856,0.9610946991617684,59.62990957552952,3555.726115985828,1.9045266535500864,1
7.646016005258985,18.477705612954463,0.9996160759551798,0.9573575770860178,51.02628609456014,2603.6818726039014,2.383919904985173,1
7.531701533880829,10.8490215548709,0.9996203748355156,0.9697990669028548,51.31449429012599,2633.177324251373,2.314110503967726,1
7.5583228241403235,11.890205840851342,0.9996987610871269,0.95952140851824,57.60750167536119,3318.6242492767424,2.3105018803389985,1
7.72702523991814,11.542005664112008,0.9996882960830344,0.9654265386793928,56.63190540649559,3207.172709970265,1.9669138563028163,1
7.8664064152621584,21.544743421080213,0.9997441437481788,0.9522037467081924,62.50955651316899,3907.444655473068,1.883274547122403,1
7.785046733089144,9.673633214192934,0.999787994247525,0.9817188070699826,68.6720696025023,4715.85314349092,1.7599865742795706,0
7.46227818110189,7.76395091163567,0.9994890331349768,0.9765305390948956,44.22752610943768,1956.074065760992,2.5089852445041103,0
7.765375163455757,10.10465483188743,0.9997133589523725,0.9730758452378409,59.05661582166146,3487.6838723073142,2.049249086283417,0
7.753908239063236,12.329919898867564,0.9997055145193832,0.9670655274536332,58.264510255553546,3394.753155319504,2.1017364063396764,0
7.567594882160015,7.019134824545443,0.9995851410730608,0.9844456890527732,49.08622977423244,2409.4579534487434,2.447964742539708,0
7.177574355356461,4.6447384417895625,0.9992531576682872,0.98756604471905,36.57828181345369,1337.970700424437,3.2090413352690126,0
7.787138563780055,7.208114843290236,0.9997771961021786,0.984538632255479,66.98695261354241,4487.251820448977,1.7241976070227647,0
7.536501382749382,7.366531766489015,0.9995707802832012,0.9824196431978532,48.25773611675673,2328.8090951145277,2.0525400977223978,0
7.724678300569176,16.468652576957385,0.999755585004868,0.965137369578655,63.956250674616776,4090.4020003544183,1.925285791604134,0
7.764251904597866,6.547873863709646,0.9997735153039876,0.9853514445923,66.44026917426334,4414.309367948567,1.7365770348090233,0
7.504617351977923,10.122182863768042,0.9995139134632436,0.955310463787734,45.34585821281468,2056.246857056693,2.3525673475901647,0
7.730904533491748,11.455764881528404,0.9997934592771416,0.9785834833074823,69.57485330128016,4840.660211894654,1.6034196366672722,0
7.420407854645653,11.44301902136393,0.9994465551415678,0.965720698219156,42.49546728269424,1805.8647395745363,2.5061194684760943,0
7.730671293526722,5.886694555526105,0.9997284710736511,0.9839900077251006,60.67824051140894,3681.848871560389,1.927580736144949,0
7.426279343600138,14.214435944600751,0.9994440958260568,0.957253228773163,42.40131112088568,1797.8711847701434,2.588158986808592,0
7.58896495161585,7.5809182942563105,0.9997112227637616,0.9808069394621984,58.83771603836095,3461.876828610798,2.3774591482514507,0
7.659292833158276,12.756581164466276,0.9996301753543632,0.97571422080225,51.99023181194162,2702.984203859426,2.388424062807756,0
7.706320858978534,7.916253004232939,0.9996775941288576,0.9746932169367624,55.68375426287717,3100.680488808492,1.944377493228488,0
7.1582907713241255,8.520511121016863,0.9991917474738272,0.975057943914468,35.16016333452115,1236.2370857102053,3.163806991634003,0
7.604913374846443,7.565042480647545,0.9996252916307072,0.9740192585131322,51.6501897291221,2667.74209905431,2.460217038895824,0
7.213230140285612,7.030061332144568,0.9992504819530514,0.9771249536696192,36.5128838863596,1333.190689698778,3.2376882421115525,0
7.58896495161585,7.5809182942563105,0.9997112227637616,0.9808069394621984,58.83771603836095,3461.876828610798,2.3774591482514507,0
7.447814402056778,6.151180348213206,0.9994749488699468,0.9849004184021994,43.62999446441348,1903.5764169647505,2.5759588149703263,0
7.701161063645502,6.210141541202827,0.9996905361564982,0.9804080201850276,56.8365663071533,3230.3952695874336,1.877832954473428,0
7.347719685701289,7.573715532836566,0.999394375438468,0.9768180211046024,40.62250590440545,1650.1879859534556,2.802362725869442,0
7.771992387838828,5.997278733687542,0.9997500524393512,0.9856056246583887,63.24428199964676,3999.839205650843,1.8678483833520183,0
7.630024783035616,11.83948948562622,0.9996133686527604,0.977723521431232,50.847253130563104,2585.443150923559,2.2172185589827595,0
7.654911027473277,7.982324986649983,0.9996315899287048,0.983615298909388,52.089985793938986,2713.366620012765,2.300392962723507,0
7.161594491829657,8.52807173965823,0.9991955600628531,0.9750465151165376,35.24345170012621,1242.100887739129,3.150503465368782,0
7.660338516035515,9.971164231921634,0.9996302979731432,0.9783451460924192,51.998856065983325,2703.88103217085,2.10103933764239,0
7.589616899276104,7.7772303509812515,0.9995688461353794,0.9820104013954224,48.14932623604083,2318.3576169846897,2.397639731859251,0
7.344670091955491,7.027137460188801,0.9995081596721964,0.9774471213317216,45.0797090425827,2032.1801673639127,2.5760317856801453,0
7.66905431467042,5.364929443972714,0.9997072245498184,0.9856704385805648,58.43446693829426,3414.586926362605,1.7759808733202245,0
7.452408337991086,6.510316667207807,0.9996831521902988,0.98009308449277,56.170182099059794,3155.0893570415374,2.507669898028714,0
7.495969166735964,7.3657752637427585,0.9995766477374642,0.9829343045187418,48.59114223777487,2361.0991039716687,2.037462008826534,0
7.355824866033386,9.363679198769349,0.999475468607315,0.9675496908498256,43.65161607835071,1905.4635862517264,3.0863679349158555,0
7.441721754904688,6.819051037296869,0.9996825290580804,0.9788103657501952,56.11501209417723,3148.894582329657,2.5330709626443766,0
7.524094209059568,10.11175003485123,0.9995365183336988,0.9796242313769016,46.439020727263774,2156.5826461072343,2.6619671802610205,0
7.420407854645653,11.44301902136393,0.9994465551415678,0.965720698219156,42.49546728269424,1805.8647395745363,2.5061194684760943,0
7.701922672185192,9.274414154205548,0.999770234557796,0.9803488381947164,65.96411598913208,4351.264598227671,1.8448840121116463,0
7.38895182622054,6.138135974239501,0.999426095057476,0.9809700353071652,41.73067022719066,1741.4488376105369,2.7304392014424184,0
7.553955510540139,10.45893499944524,0.9995889408551876,0.9732965166263214,49.3126752644193,2431.7399417340707,2.6268501242629965,0
7.567594882160015,7.019134824545443,0.9995851410730608,0.9844456890527732,49.08622977423244,2409.4579534487434,2.447964742539708,0
6.377982803488597,4.505839484586804,0.9996301121308504,0.988207229018722,51.985786732781065,2702.522022226196,1.667175417835953,0
7.042107923469148,5.455036265894252,0.9991421638504916,0.9849824350369568,34.12804977388672,1164.7237813688896,3.879690387215145,0
7.441721754904688,6.819051037296869,0.9996825290580804,0.9788103657501952,56.11501209417723,3148.894582329657,2.5330709626443766,0
7.452408337991086,6.510316667207807,0.9996831521902988,0.98009308449277,56.170182099059794,3155.0893570415374,2.507669898028714,0
7.497353463095505,11.047038076385984,0.9995006597009864,0.9794093870106518,44.73971714470609,2001.642290188308,2.6964005486649345,0
7.671464001685491,9.97468277488948,0.999632605111106,0.9804845888215914,52.161929934971866,2720.866934540914,2.215643036312896,0
7.730904533491748,11.455764881528404,0.9997934592771416,0.9785834833074823,69.57485330128016,4840.660211894654,1.6034196366672722,0
7.718604287922673,9.845863337512226,0.9998030042851784,0.982842346310222,71.24080678596275,5075.252551514875,1.5405516506569383,0
4.7688655318173385,4.290771486521173,0.999349682182052,0.9920433993260882,39.20088869217558,1536.7096742563392,5.719834611067715,0
7.337679981915631,10.371083016713731,0.9994225814912912,0.9788875701399196,41.60343871850999,1730.8461132048164,3.688086153747165,0
7.433757754837551,8.409612715174077,0.9994665112673766,0.9787830431917692,43.283412914294594,1873.453833509324,2.8189167670710424,0
7.531308363565879,7.390197594666144,0.9995625362986772,0.982424529004936,47.80066886057391,2284.90394351824,2.0782935024503466,0
7.419167609553227,6.1746245691839725,0.9995027761594564,0.9851842625768066,44.834881939887545,2010.166638563654,1.9984564436413632,0
7.086612808664059,7.170645913156258,0.9991156090496026,0.9783645763676851,33.61133225591143,1129.721656017272,3.2266605905789563,0
7.170934686129231,6.21986497318232,0.9992050419888008,0.9819201308387936,35.453181438020174,1256.9280740771785,3.1739954978302705,0
7.274426277295888,10.809560481129786,0.9994672535705114,0.9609901238297522,43.31357301026218,1876.0656069153129,2.5395551879196265,0
7.710983233752852,21.022988195934914,0.999755008407399,0.955389301756252,63.88092612683701,4080.772722822406,2.168940770001295,0
7.2885459354735325,7.23793476628047,0.9996883176279314,0.9833142255426692,56.63386330983209,3207.394473396745,2.230988853796325,0
7.32344658785413,6.796033671778548,0.9996987137243996,0.9828325874784152,57.60297213309208,3318.102398565783,3.187814611865282,0
7.430034985793351,4.478421215169373,0.999670913231052,0.986627084222178,55.11544485718292,3037.7122618051712,2.14037880160272,0
7.521675506473907,11.68822914999318,0.9995420222618028,0.96886404362598,46.717365577987415,2182.512246547324,3.0094535911466287,0
7.738418645131742,9.979112261565756,0.9996855251847768,0.9705105999592228,56.38177791965146,3178.9048813808968,2.001126908851294,0
7.690933160537657,5.42031646689994,0.9997133348636024,0.9855971018955568,59.05413376360958,3487.390714570293,1.7675168922576163,0
7.280792981762306,5.451247546932498,0.9993416970435216,0.9836142635101376,38.9622565338394,1518.0574342087114,2.7525127713390525,0
7.271135497426421,5.12274045988461,0.999411824648786,0.98698488159999,41.221029252635965,1699.17325264667,2.235042401422632,0
7.416233573729509,5.666098899695467,0.9994855919391296,0.9863227172604226,44.07926926165852,1942.9819786417927,2.245479346917676,0
7.192003435228955,7.432754359632046,0.9992970939793804,0.9723820495431466,37.70497703643995,1421.6652933184637,2.940770839480136,0
7.765375163455757,10.10465483188743,0.9997133589523725,0.9730758452378409,59.05661582166146,3487.6838723073142,2.049249086283417,0
7.363196117810919,8.155865002446676,0.999443738829519,0.972578266876678,42.38769523890948,1796.7167076666692,2.743034870725863,0
7.737208571822734,12.765483764653938,0.9996970686417253,0.9655065549999776,57.44630414854371,3300.0778603269905,2.341352986280668,0
7.598766566322221,10.293775115475196,0.9996625226048672,0.9806160815624516,54.42574232625962,2962.161427764408,1.9953369002331292,0
7.370123591558673,6.2009824619262615,0.9994348635752452,0.9815736921114968,42.05334998800524,1768.48424521366,2.3978080655549614,0
7.107257473877571,6.07840654664516,0.999218028942765,0.972360045815638,35.746604162904546,1277.8197091793843,3.3081470806234687,0
7.765793874488557,7.475664249210121,0.9997024087646844,0.979470557605829,57.95958953551655,3359.3140191255598,1.9332600695747664,0
7.38248086410631,8.212141249202784,0.9994168654046448,0.9736368448482507,41.39891254172349,1713.8699596372703,3.007987864295332,0
7.632831592578511,3.587857433639557,0.9996832771926,0.9869072335491584,56.18126897721318,3156.334983889976,2.1635114617258924,0
7.507990937601628,5.178918450184848,0.9995206490387168,0.9863259454423656,45.663488213971895,2085.1541558675503,2.337345340235995,0
7.626670278587021,6.120348599527128,0.9996918722640824,0.9795479875736548,56.95969881161159,3244.4072887095067,1.906998069840484,0
7.679223598724093,7.912233472754474,0.9996508172815224,0.9734089032601424,53.5054217672432,2862.8301584905826,2.2027082142728984,0
7.305665163609142,4.903696704916561,0.9997039953076824,0.985605180017115,58.11475564553716,3377.324823740493,2.2107573906887965,0
6.451877971880192,7.10884849241978,0.99963306978111,0.9853196192543952,52.1949598092804,2724.313829492396,2.235614053592924,0
7.730671293526722,5.886694555526105,0.9997284710736511,0.9839900077251006,60.67824051140894,3681.848871560389,1.927580736144949,0
7.476704114116007,6.694904222264347,0.9995707026981612,0.984901979595314,48.25337334133476,2328.388038818236,1.9956606858896957,0
7.805204948226565,7.403485314248013,0.9997479892280124,0.9828800228535178,62.98479458243008,3967.084348590913,1.866445553632897,0
7.438174625419195,6.084948969514079,0.999580705613483,0.9666246074812356,48.82580453974115,2383.9591889530075,3.223146238828483,0
6.670843435715161,3.0804312133675493,0.9995744603516484,0.9892923426813698,48.46604267684458,2348.95729275372,2.7802910531944245,0
7.390361745282463,5.666780268186142,0.999534272389772,0.9851834176528588,46.326858635913695,2146.177831071931,2.186945025031657,0
7.454344541463429,5.47563391525009,0.9995622646909964,0.9874061728532948,47.78583029607898,2283.48557708566,2.181633759327442,0
7.401404927509259,8.184578115487904,0.9994262919517286,0.973724264553808,41.73783462179023,1742.0468389159112,2.717045428811401,0
7.660723541057634,9.95789513143629,0.9996651765056884,0.9717308397332308,54.641085640846015,2985.6482400102686,2.2576185331929954,0
7.200665522104023,9.384069349905891,0.999268412176064,0.9608188091006338,36.957947585696886,1365.8898897471183,3.3119255407560075,0
7.785046733089144,9.673633214192934,0.999787994247525,0.9817188070699826,68.6720696025023,4715.85314349092,1.7599865742795706,0
7.261488729530567,5.671905837372806,0.9994468381160628,0.960470094028084,42.50634136266967,1806.789056039803,4.022215599119029,0
7.525536808857043,8.933399157497613,0.9997188529021056,0.9733351361180234,59.63100634376402,3555.8569175700245,2.5246171682619942,0
7.624633413791003,7.393617516794808,0.9996415779314108,0.9841817196760638,52.81104785848525,2789.00677591122,1.942776336245945,0
7.760871829134309,6.72059728229962,0.9997413269704624,0.9830608029925992,62.16819352054002,3864.884285607314,1.92437799275854,0
7.667028605558032,7.308353628389485,0.999624512442014,0.9837471949413488,51.596551139979006,2662.204089540469,2.1784069020520653,0
7.54863723810954,11.156578272309144,0.9995894140039968,0.9712495537295098,49.34109209445821,2434.543369073807,2.719249254697816,0
7.772456045355717,12.42757344971304,0.9996919589506288,0.9773205431196296,56.96771529825183,3245.320586302675,2.0380390673473268,0
7.13619426029457,5.9246230986887145,0.9991831276789372,0.9820967556867088,34.97401207232535,1223.1815204351594,3.3868535865094858,0
7.38895182622054,6.138135974239501,0.999426095057476,0.9809700353071652,41.73067022719066,1741.4488376105369,2.7304392014424184,0
7.469723056921534,4.73361174590015,0.9995107975619488,0.9890029785335664,45.20114526045528,2043.1435328567795,2.2515507150086767,0
7.660101595876164,4.898516609131462,0.9996770422658068,0.9836086783891262,55.63614297938858,3095.380405622969,1.9935374018143783,0
7.657935917548757,5.687848150455513,0.999662015880664,0.9805334424249328,54.3849142201788,2957.718894736206,2.166543848514153,0
7.513412040312302,4.66723039205979,0.9995863940715431,0.981035857887902,49.16055649919255,2416.7603153103023,2.0933234209656404,0
7.782392703827478,8.43799653135173,0.9997588903811024,0.9810581198629906,64.39325357683424,4146.491106210477,1.8206459607708547,0
7.755374055620566,6.223236807192468,0.999759044482867,0.9853470312013192,64.41384642409774,4149.143611147249,1.8090854568405463,0
7.375666992074171,2.784583741466707,0.9994283203548092,0.9950314222359674,41.81185746052354,1748.2314242991383,2.330194636644392,0
6.254224063226864,3.044969600533069,0.9996907948300228,0.9938287292060454,56.86034273791087,3233.098576272693,1.7569058173973915,0
7.670553147635184,6.069066812583888,0.9996614441625566,0.9781417397201952,54.33895946795811,2952.7225160603944,2.1510392508271488,0
7.803164775464028,6.114860920614791,0.9997525038194424,0.98490697638569,63.556796593659975,4039.466393247869,1.739064971875068,0
7.354580862470998,25.481405711621004,0.999644516626627,0.946520814678254,53.02896461633313,2812.0710882803105,2.1412843582587144,0
7.646384384424357,7.407180918476847,0.9996382333781678,0.9740290451225384,52.56627248215508,2763.213002668174,2.1577162133840218,0
7.591316022082568,7.353500795668358,0.999598376131368,0.9728310006928728,49.888794902187136,2488.8918567924934,2.24786515330405,0
7.782505903811625,10.130278946705063,0.9997197812386324,0.973060373830396,59.72972816123697,3567.640426215265,2.0073305109918174,0
7.732358143953748,8.151325238733081,0.9996781200269954,0.9751622945548568,55.72923933538489,3105.7481169006105,1.9968118169806293,0
7.710913020292135,10.828987042883751,0.9996454728151551,0.9634378866255048,53.100453565073366,2819.6581688165124,2.224335175666253,0
7.741052747772063,8.763186439481316,0.9996606965461156,0.9721695134388424,54.279041310249525,2946.2143255597744,2.2896909765870737,0
7.242520149132989,8.030684358067663,0.9992717337591006,0.9677338666598528,37.04219487009059,1372.1242007937658,2.719958551001758,0
6.546379546983919,4.70538155171166,0.9997807302818288,0.9884960088352612,67.52476038767736,4559.593265413242,2.005127267816392,0
6.498688999925295,4.157003242622698,0.9997900742717653,0.9895544780289736,69.01151733425299,4762.589524775901,1.956238210458711,0
7.773752281728293,15.446556489673984,0.9997099502617008,0.9696919735619765,58.70847081082927,3446.6845449459925,2.084647433409104,0
7.659034039401101,6.830569309279751,0.999666950276043,0.9786707074884478,54.78644593292999,3001.554657961861,2.2593426995855443,0
7.697054220725137,13.475027755251604,0.9996391321332772,0.973177405584412,52.63171458346769,2770.097379995606,2.2256673701842664,0
7.460185822933692,6.318639371516072,0.9994921768209684,0.981391275334331,44.36428020611991,1968.189358207123,2.3240728365471552,0
7.439683357707624,7.130432122219382,0.9994641115984784,0.9801383118943012,43.186342365741375,1865.0601669310283,2.615867528620485,0
7.543037223337857,8.816775571811155,0.9995966108455644,0.9775903304904334,49.77947118425751,2477.995751384324,2.576861511699033,0
7.728852670207151,13.255128485273527,0.9997856308026278,0.9748861112673508,68.2923809702498,4663.8492985857365,1.8620515580637425,0
7.337625585878382,16.542463445218843,0.9993595312024908,0.9468358288265902,39.50134570590417,1560.356312577354,2.706172411828897,0
7.326171243150787,11.24887669943248,0.9993521715050804,0.9613188003211668,39.2761813757299,1542.618423459232,2.727475278515816,0
7.426279343600138,14.214435944600751,0.9994440958260568,0.957253228773163,42.40131112088568,1797.8711847701434,2.588158986808592,0
7.561366469776188,8.18235069002683,0.9995512973877894,0.9764838958766588,47.1979618247244,2227.647600408142,2.639305038979126,0
7.486449502374336,7.250973525187229,0.9995031079065754,0.980205993403492,44.84985375989789,2011.5093822842268,2.724679413811276,0
7.827542080060747,8.55451340350194,0.9997517580315683,0.9803118016868004,63.461229968552935,4027.3277091215614,1.91618555906971,1
7.869310169925709,11.564357946626618,0.9998120889412871,0.9813243040309788,72.94289940634094,5320.666573803575,1.6489512263340391,1
7.715701770112897,10.830993334978366,0.9996608462541228,0.9796049632101692,54.29102388183635,2947.5152741381253,2.4076638613158283,1
7.571748143912779,7.786815616379506,0.9995919383647902,0.9854709769677232,49.49353681629443,2449.6101865858923,2.214047958462165,1
7.586267957672509,8.919154185629449,0.9995730876314562,0.9780683697545056,48.388026370822615,2341.4010960634246,2.382268435328592,1
7.828014169506309,9.199347206941615,0.9997194377902628,0.9845397912039568,59.69314783698068,3563.271898687631,2.0430408131685054,1
7.712181018070717,14.418327796349107,0.9996470288296768,0.9702211561163612,53.2174085221293,2832.0925698112,2.360512530818346,1
7.521975003279235,6.44014028396141,0.9995228550214412,0.9837296211441144,45.76897491904729,2094.79906514038,2.51514462949984,1
7.455510990385268,6.538676194507712,0.9994929553671285,0.9892386889361904,44.39834419660262,1971.2129673999975,2.363948972468545,1
7.86630032553056,12.516009525120122,0.9997564586303248,0.9732027971847796,64.07088710473498,4105.078574387695,1.8266993114098744,1
7.890503078292149,13.827337340850848,0.9997920401722602,0.9732318874665198,69.33701049857245,4807.621024879148,1.6987040481531392,1
7.722489046860639,7.166641922482074,0.99966658310512,0.9794284805624824,54.7562611448254,2998.248134560316,2.093538597069545,1
7.660752414708446,7.4313090118867215,0.999620192661581,0.983373010595106,51.302181685011945,2631.913845641975,2.2888884159730303,1
7.827542080060747,8.55451340350194,0.9997517580315683,0.9803118016868004,63.461229968552935,4027.3277091215614,1.91618555906971,1
7.852336831153574,23.49726685101647,0.999765143211364,0.9516378636044214,65.24503019032369,4256.913964536249,1.850275506598892,1
7.822978116671594,8.564973814121057,0.9997510441067629,0.980349677817982,63.37014889510123,4015.7757709873,1.920222952623593,1
7.78111568356162,9.98809092816877,0.9996963025997524,0.974544218367406,57.37378555414509,3291.751268813028,2.0644888476884824,1
7.864513054268197,21.92831077876022,0.999737697757498,0.959853955441254,61.73650397736161,3811.395923346786,2.15726922747677,1
7.792960818688769,14.365537685660152,0.9997312612658192,0.975876803841188,60.99250952361194,3720.0862179878936,1.982545650401711,1
7.711406031820022,7.435438960437034,0.9996633109120064,0.9786021398876524,54.489441427056526,2969.099227032624,2.104994101678755,1
7.652906115646739,14.523197630166813,0.9996096973450084,0.9689626750294698,50.60745266208817,2561.114264945495,2.611002414378081,1
7.613146476180793,15.20806196585218,0.9995932115749484,0.9403856367960648,49.5709629711011,2457.280369882277,2.3055623322973244,1
7.705219061246483,8.448546056078625,0.9997342329270872,0.9880387812770784,61.332645124033576,3761.69335791064,1.9649856389756384,1
7.81730774029878,8.083396581246035,0.9997480667710432,0.9809050211813416,62.99448938740708,3968.305693180143,1.877067236676407,1
7.864513054268197,21.92831077876022,0.999737697757498,0.959853955441254,61.73650397736161,3811.395923346786,2.15726922747677,1
7.804280847824867,13.904499873501528,0.999706953732118,0.9623488385501782,58.407451780165495,3411.430423452357,1.9912747534090545,1
7.521975003279235,6.44014028396141,0.9995228550214412,0.9837296211441144,45.76897491904729,2094.79906514038,2.51514462949984,1
7.718839542005047,8.090535843810704,0.9997923650989536,0.9852684291656156,69.39125311580496,4815.146008981712,1.5758598602660183,1
7.792960818688769,14.365537685660152,0.9997312612658192,0.975876803841188,60.99250952361194,3720.0862179878936,1.982545650401711,1
7.84180448728563,6.554757896840729,0.9997456658187576,0.985242900561106,62.69637039253095,3930.8348603974314,1.912995261944309,1
7.652906115646739,14.523197630166813,0.9996096973450084,0.9689626750294698,50.60745266208817,2561.114264945495,2.611002414378081,1
7.724451084745619,10.227762374373938,0.9996537984279796,0.9771350886810016,53.73537604812731,2887.490639033654,2.240380615062992,1
7.715701770112897,10.830993334978366,0.9996608462541228,0.9796049632101692,54.29102388183635,2947.5152741381253,2.4076638613158283,1
7.58981299988617,6.04298473671316,0.9996213172838712,0.9889261121043016,51.37833342189671,2639.733145211589,2.0986840104900533,1
7.600138022972679,10.115440301137518,0.9996117096668232,0.9758415802933026,50.73847129533916,2574.392469387956,2.2760714092637597,1
7.712181018070717,14.418327796349107,0.9996470288296768,0.9702211561163612,53.2174085221293,2832.0925698112,2.360512530818346,1
7.808744406403889,14.63553417071024,0.9997050337369916,0.9728831501842752,58.21699256168313,3389.2182229270684,2.1244169707768363,1
7.80279240863087,9.103035987444166,0.999726912553828,0.9765870446892068,60.50479915942799,3660.830721322718,1.857143341443919,1
7.69301020162666,5.896827883438067,0.9996471147865196,0.9897132826337348,53.22389184406557,2832.7826630287896,2.1497507867799297,1
7.886991362233591,25.0351002684268,0.9997638669203196,0.9487824597573112,65.06842620152798,4233.900088343694,1.841684588898315,1
7.639278095915148,12.059933832618976,0.9995940279560876,0.9697947517704432,49.62080005680004,2462.2237982769275,2.4647636709680296,1
7.521975003279235,6.44014028396141,0.9995228550214412,0.9837296211441144,45.76897491904729,2094.79906514038,2.51514462949984,1
7.623256340476049,11.30988311968472,0.999638633897018,0.9760232938865328,52.59540577307769,2766.276708434694,2.134051200958101,1
7.843426610820321,6.731452456535839,0.9997453601936984,0.984871293967852,62.65872464340615,3926.115773938193,1.9206469308776768,1
7.805219811640214,13.414557597617684,0.9997071044828926,0.963859276379086,58.422485155162086,3413.1867717051346,1.996270106596098,1
7.809234360891814,17.75432049475179,0.9997042761854346,0.9672868617549656,58.14235588925444,3380.533548352721,2.220071596337408,1
7.753615484272014,7.071135156778327,0.999812519181518,0.9879752267941302,73.02656363804502,5332.878996781439,1.5411057597389148,1
7.72686385696371,22.9163575168996,0.9996521016824366,0.949890262170297,53.60413316942015,2873.403092844929,2.3030348712858477,1
6.929829137952656,8.583512224911399,0.9998076745199612,0.9824593489588188,72.1007563360882,5198.519064235962,1.7515109060270635,1
7.731097607946603,9.655201952686298,0.9997270759188523,0.9868662409243496,60.52290966929995,3663.022594838241,2.104267401663688,1
7.809328225521357,14.415640323081558,0.9997120636775852,0.9614485544950196,58.92359552677465,3471.990109802937,1.9726126787925704,1
7.626851419176218,11.954139536474088,0.9995873019021196,0.9696440750179542,49.21461948922931,2422.078771469629,2.505038366383136,1
7.821336077340845,17.353176112389217,0.9997130496897908,0.9691109276986788,59.02477378483986,3483.9239203515185,2.2132958400285063,1
7.551458674112441,6.798396139590724,0.999644053566994,0.9878337841420272,52.99444776219092,2808.411493619583,2.0429217713890613,1
7.893922206946664,12.040844067743222,0.999772544138257,0.97609843262421,66.29824561235955,4395.457371276752,1.7764107415645305,1
7.815474147876049,7.914251029632791,0.9997458999663924,0.9810728027604004,62.72525775479512,3934.457960405485,1.86679065744036,1
7.724451084745619,10.227762374373938,0.9996537984279796,0.9771350886810016,53.73537604812731,2887.490639033654,2.240380615062992,1
7.871782312338406,13.48218067514528,0.9997446861593005,0.9682732365002192,62.57593865202652,3915.748098182186,1.9138157085651295,1
7.805315993716427,11.025284112991406,0.9997157338033548,0.9689967936887496,59.30286212604407,3516.829456340592,2.00826088894556,1
7.660752414708446,7.4313090118867215,0.999620192661581,0.983373010595106,51.302181685011945,2631.913845641975,2.2888884159730303,1
7.845078668570771,12.337288924336969,0.9997369652270044,0.969625631333553,61.65045587936495,3800.778710133524,1.9021064949046336,1
7.843426610820321,6.731452456535839,0.9997453601936984,0.984871293967852,62.65872464340615,3926.115773938193,1.9206469308776768,1
7.455510990385268,6.538676194507712,0.9994929553671285,0.9892386889361904,44.39834419660262,1971.2129673999975,2.363948972468545,1
7.507555168601048,14.660258789152842,0.9995061746557116,0.9581911958299192,44.988970288330535,2024.0074476042876,2.622623014357756,1
7.770086008942071,17.941159271446182,0.9996925745969536,0.9682554119538238,57.02474575057145,3251.8216279173166,2.16437425915537,1
7.563246374368749,8.474374472838297,0.9996003829338382,0.9803881270526212,50.013954351843125,2501.395629908248,2.4112288395847568,1
7.529119767026936,7.116007710768626,0.9996004199044318,0.9879801199609748,50.01626895910778,2501.627160589808,2.369384396056093,1
7.7771563539155775,10.959751770841065,0.9996961447722718,0.967982755533769,57.35887863969108,3290.0409588028097,2.0312991651769514,1
7.600138022972679,10.115440301137518,0.9996117096668232,0.9758415802933026,50.73847129533916,2574.392469387956,2.2760714092637597,1
7.804280847824867,13.904499873501528,0.999706953732118,0.9623488385501782,58.407451780165495,3411.430423452357,1.9912747534090545,1
7.750785515308161,7.985526252224978,0.9996934615982772,0.9861916857556788,57.10721505837965,3261.234011724023,2.017835498400393,1
7.770086008942071,17.941159271446182,0.9996925745969536,0.9682554119538238,57.02474575057145,3251.8216279173166,2.16437425915537,1
6.994647735192482,5.8217008456469,0.999780455269367,0.9851977847892052,67.48244544581084,4553.880443346837,2.12416551431246,1
7.59232883290273,8.048938896274427,0.9996520967382974,0.9738039324371716,53.6037521447184,2873.3622439924025,2.2068723367689294,1
7.5872575875135535,10.375043723532915,0.9996104212134372,0.9752776517222086,50.65446552290084,2565.8748774107503,2.286690808763906,1
7.846032520444169,6.7631309242725886,0.999746513865655,0.9848628879989044,62.80118592882069,3943.988954066306,1.9304210130297048,1
7.86630032553056,12.516009525120122,0.9997564586303248,0.9732027971847796,64.07088710473498,4105.078574387695,1.8266993114098744,1
7.857873631410122,13.759804164549717,0.9997716570797042,0.9700033194103352,66.16931440003887,4378.378168171192,1.7608031948112883,1
7.507555168601048,14.660258789152842,0.9995061746557116,0.9581911958299192,44.988970288330535,2024.0074476042876,2.622623014357756,1
7.660752414708446,7.4313090118867215,0.999620192661581,0.983373010595106,51.302181685011945,2631.913845641975,2.2888884159730303,1
7.866412971896958,19.206347124600217,0.9997466397403828,0.9675382050180568,62.81678842393301,3945.948907897164,1.9944269287432328,1
7.69541609908018,17.571739160157524,0.9996242196305364,0.9620292257382568,51.57643741789103,2660.1288967216296,2.4935602524052776,1
7.408571106371156,7.951594380262687,0.9996339702936888,0.9869230855713936,52.259149375477854,2731.0186934485077,2.551636327118831,1
7.613146476180793,15.20806196585218,0.9995932115749484,0.9403856367960648,49.5709629711011,2457.280369882277,2.3055623322973244,1
7.455510990385268,6.538676194507712,0.9994929553671285,0.9892386889361904,44.39834419660262,1971.2129673999975,2.363948972468545,1
7.567905358272608,6.861363331379978,0.9995778208985412,0.987344780177872,48.65863705177586,2367.6629597364545,2.434026741615813,1
7.515800785294675,6.001892564369499,0.9995531071756568,0.9870001165018184,47.2934771876665,2236.672984500331,2.729895485503413,1
7.600138022972679,10.115440301137518,0.9996117096668232,0.9758415802933026,50.73847129533916,2574.392469387956,2.2760714092637597,1
7.86630032553056,12.516009525120122,0.9997564586303248,0.9732027971847796,64.07088710473498,4105.078574387695,1.8266993114098744,1
7.772127096471174,9.264423897986996,0.9997160893832292,0.9859844349179244,59.33999757798407,3521.235312555156,1.9924288055524435,1
7.515854489589884,14.734009188012378,0.9995125627684648,0.9584559334824316,45.2829570567831,2050.546199806462,2.6135971531923663,1
7.844951123662101,15.670979497325256,0.999735470163344,0.9730279572944248,61.47594573866338,3779.291904463084,1.999662309918934,1
7.857873631410122,13.759804164549717,0.9997716570797042,0.9700033194103352,66.16931440003887,4378.378168171192,1.7608031948112883,1
7.846032520444169,6.7631309242725886,0.999746513865655,0.9848628879989044,62.80118592882069,3943.988954066306,1.9304210130297048,1
7.86443833108677,10.424634031888797,0.9997497063830428,0.9766216815968828,63.20053512203098,3994.307639711071,1.887465195485787,1
7.650512500601696,12.774183517628984,0.999702863169587,0.9653633276223788,58.00390395816201,3364.452874387682,2.001274991782475,1
7.653424636970092,7.529502293680583,0.9996186664611586,0.983160008336125,51.19937703847023,2621.376209127433,2.2998043731710225,1
7.509827527291868,6.399695841933273,0.9995221377881448,0.98279650339438,45.73459781055212,2091.6534368929583,2.443718357891548,1
7.715701770112897,10.830993334978366,0.9996608462541228,0.9796049632101692,54.29102388183635,2947.5152741381253,2.4076638613158283,1
7.81788836012262,8.805442723307529,0.9997528106890372,0.979781631529926,63.59624495056467,4044.482371812222,1.9098569611520717,1
7.845216760821023,7.137660743891383,0.9997449779942056,0.9838123674497876,62.61174199886671,3920.2302361326488,1.917242779800115,1
7.804280847824867,13.904499873501528,0.999706953732118,0.9623488385501782,58.407451780165495,3411.430423452357,1.9912747534090545,1
7.497748563777926,14.8495712523468,0.9994996291818856,0.9580155025813114,44.69359939382439,1997.5178267756592,2.627932328886142,1
7.827963767133083,20.66944540255086,0.9997147114787104,0.9594887832815884,59.19648129731126,3504.223397982922,2.066629783052167,1
7.771998621891852,6.518885262993371,0.9996981736264592,0.9825148804361274,57.55139519299884,3312.16308866073,2.053131473093071,1
7.886991362233591,25.0351002684268,0.9997638669203196,0.9487824597573112,65.06842620152798,4233.900088343694,1.841684588898315,1
7.455510990385268,6.538676194507712,0.9994929553671285,0.9892386889361904,44.39834419660262,1971.2129673999975,2.363948972468545,1
7.671100518717186,13.904762795802563,0.9996242885888058,0.971567595722781,51.58117216304775,2660.617321713972,2.389787241954041,1
7.660752414708446,7.4313090118867215,0.999620192661581,0.983373010595106,51.302181685011945,2631.913845641975,2.2888884159730303,1
7.833517373137266,13.152078871907536,0.9997402008396415,0.9712993091409912,62.033274486545,3848.127143523034,1.9489758054386983,1
7.497748563777926,14.8495712523468,0.9994996291818856,0.9580155025813114,44.69359939382439,1997.5178267756592,2.627932328886142,1
7.59973627603957,10.12623048004442,0.9996120435553988,0.9758560963078948,50.76030870836955,2576.608940168978,2.278830747206257,1
7.769953802843999,10.953204670665766,0.999691927439795,0.967236137269298,56.96480088861295,3244.9885402793184,2.044417158118952,1
7.824830071469689,25.418222233418707,0.9997234557922734,0.9497070150364376,60.125355556194776,3615.0583807588414,2.095970245349505,1
7.724451084745619,10.227762374373938,0.9996537984279796,0.9771350886810016,53.73537604812731,2887.490639033654,2.240380615062992,1
7.69541609908018,17.571739160157524,0.9996242196305364,0.9620292257382568,51.57643741789103,2660.1288967216296,2.4935602524052776,1
7.521975003279235,6.44014028396141,0.9995228550214412,0.9837296211441144,45.76897491904729,2094.79906514038,2.51514462949984,1
7.852336831153574,23.49726685101647,0.999765143211364,0.9516378636044214,65.24503019032369,4256.913964536249,1.850275506598892,1
7.605699615888951,9.543795756248924,0.9996331038025604,0.9830415007222012,52.19738060142295,2724.5665416498045,2.338698809166585,1
7.5872575875135535,10.375043723532915,0.9996104212134372,0.9752776517222086,50.65446552290084,2565.8748774107503,2.286690808763906,1
7.616141541799779,6.412667351279117,0.999600196809852,0.9858677562074392,50.00230661772833,2500.230667093318,2.2809800543526464,1
7.59232883290273,8.048938896274427,0.9996520967382974,0.9738039324371716,53.6037521447184,2873.3622439924025,2.2068723367689294,1
7.857873631410122,13.759804164549717,0.9997716570797042,0.9700033194103352,66.16931440003887,4378.378168171192,1.7608031948112883,1
7.653424636970092,7.529502293680583,0.9996186664611586,0.983160008336125,51.19937703847023,2621.376209127433,2.2998043731710225,1
7.742918737693353,14.25639176700765,0.9996721591835196,0.9700016808523434,55.22011252248101,3049.2608269954644,2.2477407504985893,1
7.754181758440163,10.57567743165471,0.999684280101038,0.9676756466033064,56.27045850415004,3166.364500267272,2.0604190652680217,1
7.771998621891852,6.518885262993371,0.9996981736264592,0.9825148804361274,57.55139519299884,3312.16308866073,2.053131473093071,1
7.884512832449838,14.903128606156578,0.9997546150240032,0.9692983971234076,63.82968839687884,4074.2291208426486,1.8607344518105773,1
7.652906115646739,14.523197630166813,0.9996096973450084,0.9689626750294698,50.60745266208817,2561.114264945495,2.611002414378081,1
7.5292878784702495,6.055193415753786,0.99962574763076,0.9762024606678577,51.68165799030697,2670.99377262706,2.3703436395243003,1
7.557648822734917,4.695821117408433,0.999675826461135,0.9833484347170012,55.53168022937388,3083.767509097433,2.011797987190429,1
7.761988348205208,6.800307006151929,0.999724107610934,0.9826172800028106,60.19635884930928,3623.6016187148166,1.7741967446685944,1
7.530764862562071,7.833794431746904,0.9995515660042096,0.9822401956048926,47.21210207637088,2228.982582469664,2.345274785953797,1
7.656840427151868,7.647766589234687,0.999687633410266,0.9748103732327644,56.571783643335664,3200.366704588381,2.0826121243149944,1
7.642938578041263,5.637472762180014,0.99967828582993,0.9812592342651072,55.74360279284663,3107.349252326658,1.8260565581034256,1
7.732497466561355,11.541769121462602,0.999722017377932,0.971173650511389,59.96955206015032,3596.347174295079,2.0176403436120767,1
7.670344778393026,8.157459399108465,0.9997561507343988,0.9805918215188693,64.03041496161961,4099.8940401572,2.006136203244977,1
7.625564167608373,13.724253267772555,0.9996166188600972,0.968017447871632,51.06241626706279,2607.3703550307982,2.320896463179004,1
7.502696723723599,9.61842926452477,0.9995157261427344,0.9707896313064456,45.43068690154272,2063.9473123460057,2.449683661426303,1
7.67696539333882,14.23567987271266,0.9996425114050184,0.9712757319475795,52.8799776553456,2796.29203682985,2.364882539274855,1
7.55262676177159,11.33086504413306,0.9995937093966348,0.9706860151173856,49.60133529824159,2460.292463368587,2.3156886620661608,1
7.506473994710258,10.548862494418923,0.9995181485020576,0.9679480533095212,45.544793292678825,2074.3281960728423,2.424192163343477,1
7.619409001945221,14.955553466522614,0.9995875964872422,0.9657353738886584,49.23220092315244,2423.809607737652,2.302316484282396,1
7.386524080191185,9.174994842470598,0.9994817917504976,0.9549148883038232,43.91726460398711,1928.7261302966187,2.865798705834047,1
7.5872575875135535,10.375043723532915,0.9996104212134372,0.9752776517222086,50.65446552290084,2565.8748774107503,2.286690808763906,1
7.575843582370954,8.873893606458306,0.999634386721603,0.9771169152014404,52.28891298182865,2734.1304208212487,2.12385589096158,1
7.528932813126769,10.806237007511085,0.999526020863867,0.96782686806318,45.92164530433119,2108.797507456803,2.424628282794395,1
7.623712763612062,7.430320944663476,0.99966477932238,0.9740766036607424,54.60869469033929,2982.1095357826907,2.069282304743346,1
7.606504323209617,6.2873105277864845,0.9996981700517872,0.9801011244348926,57.55105428899179,3312.1238497744807,2.368947871583186,1
7.530764862562071,7.833794431746904,0.9995515660042096,0.9822401956048926,47.21210207637088,2228.982582469664,2.345274785953797,1
7.666285467112589,6.059431281525843,0.999696318803374,0.9815767606017336,57.37531665505084,3291.926961267354,2.084556221911097,1
7.648087328851031,7.3526288729024225,0.9997266512772668,0.9790720114358744,60.475868009790055,3657.330611537548,2.167697434249692,1
7.529986698436135,4.239770828806985,0.999637477094721,0.9823899828809508,52.51139297111872,2757.446391767256,2.0750390244989325,1
7.5872575875135535,10.375043723532915,0.9996104212134372,0.9752776517222086,50.65446552290084,2565.8748774107503,2.286690808763906,1
7.642938578041263,5.637472762180014,0.99967828582993,0.9812592342651072,55.74360279284663,3107.349252326658,1.8260565581034256,1
7.727492004021397,12.40914564708308,0.9997435611669968,0.9692586266596144,62.43849292268051,3898.565398455624,2.04511665045744,1
7.719642623382292,9.569515074760153,0.9997375829966394,0.9768346757668308,61.72299957757536,3809.728676853368,1.9713127031784443,1
7.701596827792936,14.783894397200612,0.9996552875306516,0.9698677820611116,53.85135519266748,2899.968456086834,2.1573317061176724,1
7.575843582370954,8.873893606458306,0.999634386721603,0.9771169152014404,52.28891298182865,2734.1304208212487,2.12385589096158,1
7.5872575875135535,10.375043723532915,0.9996104212134372,0.9752776517222086,50.65446552290084,2565.8748774107503,2.286690808763906,1
7.325161613095156,9.188751961442811,0.9996399585886186,0.969266733917137,52.69210834903798,2776.458282266758,3.03745963985307,1
7.768505452090127,6.909654135754998,0.9997240494115448,0.9824061762284308,60.19000890275407,3622.837171713615,1.7774855458474077,1
7.548370479224133,6.210060493490076,0.9996857364623024,0.9794257867170696,56.40073326390822,3181.042712706523,2.5950383369082,1
7.728885379323313,8.565114761365455,0.9997144569709178,0.9732216298454692,59.170086631431616,3501.0991519711224,2.0806891447733005,1
7.512126577791326,13.656068201272657,0.999588947790383,0.9554805617254262,49.31309143081201,2431.7809864636247,2.8924261928450195,1
7.525140007091759,11.746522138627403,0.9995239549942188,0.9713544475714238,45.8218476334441,2099.641720542567,2.444163583838827,1
7.67493595298127,9.900313057498812,0.9997202540353712,0.9729361434405082,59.78019539074867,3573.671760956089,2.314353592103064,1
7.575843582370954,8.873893606458306,0.999634386721603,0.9771169152014404,52.28891298182865,2734.1304208212487,2.12385589096158,1
7.528932813126769,10.806237007511085,0.999526020863867,0.96782686806318,45.92164530433119,2108.797507456803,2.424628282794395,1
7.476051563960544,8.7814188099308,0.9995844967977944,0.9626519194339808,49.048142885796445,2405.7203205455044,2.53167161716002,1
6.818662827557844,3.082371913561424,0.9989656658107032,0.9848219770759858,31.07741167451132,965.8055163870524,3.4500955368330897,1
7.67696539333882,14.23567987271266,0.9996425114050184,0.9712757319475795,52.8799776553456,2796.29203682985,2.364882539274855,1
7.60511839849963,7.848994807072046,0.9996762553335096,0.9730146476161328,55.56846205428915,3087.853975078973,2.316162440302448,1
7.528932813126769,10.806237007511085,0.999526020863867,0.96782686806318,45.92164530433119,2108.797507456803,2.424628282794395,1
7.575843582370954,8.873893606458306,0.999634386721603,0.9771169152014404,52.28891298182865,2734.1304208212487,2.12385589096158,1
7.715621949835466,10.264799592801726,0.9997430514277112,0.974613934879281,62.37651296098363,3890.82936917176,1.9379435366317008,1
7.737891287551594,7.061679735272877,0.999740918409144,0.9795987649790971,62.119143108496935,3858.787940533922,1.8931959319916447,1
7.525140007091759,11.746522138627403,0.9995239549942188,0.9713544475714238,45.8218476334441,2099.641720542567,2.444163583838827,1
7.393327918249327,8.085079358675639,0.9994195842336224,0.9747844418041623,41.49581771421688,1721.902887771516,2.924513482574389,1
7.701596827792936,14.783894397200612,0.9996552875306516,0.9698677820611116,53.85135519266748,2899.968456086834,2.1573317061176724,1
7.55480006921313,10.371109013820572,0.9996393581635544,0.9625838942954706,52.64821127025565,2771.8341499574744,2.673805214641724,1
7.648087328851031,7.3526288729024225,0.9997266512772668,0.9790720114358744,60.475868009790055,3657.330611537548,2.167697434249692,1
7.761988348205208,6.800307006151929,0.999724107610934,0.9826172800028106,60.19635884930928,3623.6016187148166,1.7741967446685944,1
7.5872575875135535,10.375043723532915,0.9996104212134372,0.9752776517222086,50.65446552290084,2565.8748774107503,2.286690808763906,1
7.719642623382292,9.569515074760153,0.9997375829966394,0.9768346757668308,61.72299957757536,3809.728676853368,1.9713127031784443,1
7.727492004021397,12.40914564708308,0.9997435611669968,0.9692586266596144,62.43849292268051,3898.565398455624,2.04511665045744,1
7.575843582370954,8.873893606458306,0.999634386721603,0.9771169152014404,52.28891298182865,2734.1304208212487,2.12385589096158,1
7.516337969614304,6.152832198130708,0.9996679642941898,0.978701106173528,54.87006733172724,3010.7242889882814,2.4414388416362507,1
7.325161613095156,9.188751961442811,0.9996399585886186,0.969266733917137,52.69210834903798,2776.458282266758,3.03745963985307,1
7.67696539333882,14.23567987271266,0.9996425114050184,0.9712757319475795,52.8799776553456,2796.29203682985,2.364882539274855,1
7.713497825300634,14.783889770072316,0.999665396705916,0.970453111125683,54.65906817333569,2987.6137335773583,2.107214138606809,1
7.761988348205208,6.800307006151929,0.999724107610934,0.9826172800028106,60.19635884930928,3623.6016187148166,1.7741967446685944,1
7.712785482030436,10.092336991866354,0.9997397317759764,0.9752211561034586,61.97733556914964,3841.190124250981,1.9532347681356843,1
7.530764862562071,7.833794431746904,0.9995515660042096,0.9822401956048926,47.21210207637088,2228.982582469664,2.345274785953797,1
7.573713760530858,9.24536923322891,0.999658074553726,0.9673325417208354,54.070455469014505,2923.6141546266804,2.501071406835908,1
7.514469827461847,4.397158519551715,0.9996193393769792,0.9808075931242266,51.24462835623108,2626.0119353682426,2.2292464548499877,1
7.5872575875135535,10.375043723532915,0.9996104212134372,0.9752776517222086,50.65446552290084,2565.8748774107503,2.286690808763906,1
7.719642623382292,9.569515074760153,0.9997375829966394,0.9768346757668308,61.72299957757536,3809.728676853368,1.9713127031784443,1
7.4189981536435425,5.7239772268835605,0.999610865799984,0.976522127687552,50.68340494411803,2568.807536729448,2.523791981585428,1
7.713497825300634,14.783889770072316,0.999665396705916,0.970453111125683,54.65906817333569,2987.6137335773583,2.107214138606809,1
7.67696539333882,14.23567987271266,0.9996425114050184,0.9712757319475795,52.8799776553456,2796.29203682985,2.364882539274855,1
7.530764862562071,7.833794431746904,0.9995515660042096,0.9822401956048926,47.21210207637088,2228.982582469664,2.345274785953797,1
7.761310146555624,8.502803889964715,0.999724252119273,0.975424892758459,60.21213437659799,3625.501126185493,2.0151765979082703,1
7.519809543506717,6.4476536013253,0.999613500482838,0.9728779201877672,50.85592742090572,2586.32535384043,2.238066395515074,1
7.768505452090127,6.909654135754998,0.9997240494115448,0.9824061762284308,60.19000890275407,3622.837171713615,1.7774855458474077,1
7.625564167608373,13.724253267772555,0.9996166188600972,0.968017447871632,51.06241626706279,2607.3703550307982,2.320896463179004,1
7.666285467112589,6.059431281525843,0.999696318803374,0.9815767606017336,57.37531665505084,3291.926961267354,2.084556221911097,1
7.572099267291328,7.587385713136699,0.9996744820968329,0.9734503736469482,55.41685350835516,3071.027652766496,2.290338143631691,1
7.575843582370954,8.873893606458306,0.999634386721603,0.9771169152014404,52.28891298182865,2734.1304208212487,2.12385589096158,1
7.538305552441029,8.210850190104656,0.9996131589284976,0.9673535367277672,50.83346261694256,2584.040921628097,2.200013441910799,1
7.623256340476049,11.30988311968472,0.999638633897018,0.9760232938865328,52.59540577307769,2766.276708434694,2.134051200958101,1
7.712785482030436,10.092336991866354,0.9997397317759764,0.9752211561034586,61.97733556914964,3841.190124250981,1.9532347681356843,1
7.479931616449655,6.657208786649703,0.99958373923829,0.970077056290624,49.00347224837617,2401.340292397373,2.3684764865395804,1
7.729980579207749,8.321979213546182,0.9997489850801852,0.9779757586484557,63.10964221413128,3982.8269403956606,2.024557398490113,1
7.325161613095156,9.188751961442811,0.9996399585886186,0.969266733917137,52.69210834903798,2776.458282266758,3.03745963985307,1
7.713497825300634,14.783889770072316,0.999665396705916,0.970453111125683,54.65906817333569,2987.6137335773583,2.107214138606809,1
7.719642623382292,9.569515074760153,0.9997375829966394,0.9768346757668308,61.72299957757536,3809.728676853368,1.9713127031784443,1
6.873915747884704,2.16627182175694,0.9990330104999308,0.9898581335557408,32.142454671623746,1033.1373923173871,3.715696081072727,1
7.578889133087911,10.913368841444685,0.9996672635793196,0.9636356067507906,54.81224180200621,3004.381851361597,2.5034135201818453,1
7.602556083227457,14.526585387930483,0.999576059035058,0.967119860485072,48.55737835758554,2357.8189929617165,2.341018894200344,1
7.325161613095156,9.188751961442811,0.9996399585886186,0.969266733917137,52.69210834903798,2776.458282266758,3.03745963985307,1
7.602556083227457,14.526585387930483,0.999576059035058,0.967119860485072,48.55737835758554,2357.8189929617165,2.341018894200344,1
7.701596827792936,14.783894397200612,0.9996552875306516,0.9698677820611116,53.85135519266748,2899.968456086834,2.1573317061176724,1
7.528932813126769,10.806237007511085,0.999526020863867,0.96782686806318,45.92164530433119,2108.797507456803,2.424628282794395,1
7.5872575875135535,10.375043723532915,0.9996104212134372,0.9752776517222086,50.65446552290084,2565.8748774107503,2.286690808763906,1
7.625564167608373,13.724253267772555,0.9996166188600972,0.968017447871632,51.06241626706279,2607.3703550307982,2.320896463179004,1
7.358861307376054,4.251059566503487,0.9995948994309992,0.9813955094476158,49.67416655098158,2467.5228225346573,2.524462301610679,1
7.666285467112589,6.059431281525843,0.999696318803374,0.9815767606017336,57.37531665505084,3291.926961267354,2.084556221911097,1
7.67696539333882,14.23567987271266,0.9996425114050184,0.9712757319475795,52.8799776553456,2796.29203682985,2.364882539274855,1
7.530764862562071,7.833794431746904,0.9995515660042096,0.9822401956048926,47.21210207637088,2228.982582469664,2.345274785953797,1
7.566784025835091,7.62619773463649,0.9996703093561145,0.9730139354503424,55.06492923356727,3032.146431497771,2.3301335723057286,1
7.55262676177159,11.33086504413306,0.9995937093966348,0.9706860151173856,49.60133529824159,2460.292463368587,2.3156886620661608,1
