CNT,ENT,HGN,IDM,VAR,Output
4.446105898767337,7.500692364169163,0.6472907545434807,0.6472907545434851,2281.1164087433503,1
13.065036078307504,7.707978722087379,0.4311702287114992,0.4311702287114983,2822.8937105905675,1
8.353436647905628,7.348933579193586,0.5544951425977287,0.5544951425977299,1802.8079598554996,1
11.191044432579538,7.760314673523715,0.4630022591258642,0.4630022591258593,4430.024684958515,1
4.315616457642586,7.38990980067833,0.6627852895312788,0.6627852895312809,1956.4259975697237,1
9.391058215957932,7.584048584490262,0.583081643719412,0.5830816437194124,2640.809731815945,1
8.085079358675639,7.393327918249327,0.5538496489613778,0.5538496489613782,1721.902887771516,1
4.446105898767337,7.500692364169163,0.6472907545434807,0.6472907545434851,2281.1164087433503,1
7.3526288729024225,7.648087328851031,0.582407091094166,0.5824070910941725,3657.330611537548,1
8.456025496647747,7.563006773259832,0.5175508654951704,0.5175508654951673,2509.4186707141816,1
8.138097157139985,7.573930494418485,0.5981928426551052,0.5981928426550982,2527.496549375975,1
9.095271539077418,7.568787580937801,0.4716309523974363,0.4716309523974368,2264.672911417263,1
14.474378504912934,7.774874104132175,0.3742482231783369,0.374248223178337,3131.952272455598,1
7.061679735272877,7.737891287551594,0.5987965634476787,0.5987965634476848,3858.787940533922,1
10.144697597816094,7.49064838614852,0.4840035193801074,0.4840035193801054,2099.9933980279898,1
7.587385713136699,7.572099267291328,0.5867143048406169,0.5867143048406223,3071.027652766496,1
3.595148475138009,7.395727184330946,0.6703444931444444,0.6703444931444469,2077.250526088857,1
7.042044732301626,7.718750084772256,0.5523955191180718,0.55239551911807,3777.4978834627295,1
3.844430513199901,7.329090175455246,0.7301168255654318,0.7301168255654367,3581.7504336060174,1
14.474378504912934,7.774874104132175,0.3742482231783369,0.374248223178337,3131.952272455598,1
7.848994807072046,7.60511839849963,0.5860885729424449,0.5860885729424432,3087.853975078973,1
9.109423184447406,7.528091242892019,0.5809362612561926,0.580936261256195,2183.824239445541,1
9.900313057498812,7.67493595298127,0.5341080679668427,0.534108067966844,3573.671760956089,1
8.321979213546182,7.729980579207749,0.5621965696245628,0.5621965696245688,3982.8269403956606,1
7.3526288729024225,7.648087328851031,0.582407091094166,0.5824070910941725,3657.330611537548,1
7.62619773463649,7.566784025835091,0.5806818595813535,0.5806818595813585,3032.146431497771,1
8.565114761365455,7.728885379323313,0.552930357554361,0.5529303575543619,3501.0991519711224,1
4.128341617083045,7.478213401770879,0.6341990915108326,0.6341990915108335,2176.599210619995,1
9.32323584168947,7.46113255340926,0.5273995683013719,0.5273995683013708,2054.547586812484,1
9.24536923322891,7.573713760530858,0.5249716289978817,0.524971628997883,2923.6141546266804,1
3.786613461374852,7.366229903652937,0.7297637903373568,0.7297637903373616,3742.914701681789,1
9.217516319048512,7.464564636847532,0.4835670891224117,0.4835670891224132,2020.3551798053363,1
8.348683143037972,7.627443159019412,0.5575117183286714,0.5575117183286691,3308.972570828527,1
5.195245407633341,7.512128230410036,0.6545671105369057,0.6545671105369059,2307.71817297432,1
8.138097157139985,7.573930494418485,0.5981928426551052,0.5981928426550982,2527.496549375975,1
6.089191165417588,7.487859098436432,0.6332848043297323,0.6332848043297306,2197.2204487319814,1
4.75122469931572,7.533308898037466,0.6996193403470826,0.6996193403470854,2580.6619375552223,1
9.815195451137123,7.55219463501429,0.473526141123116,0.4735261411231144,2254.698373968694,1
7.042044732301626,7.718750084772256,0.5523955191180718,0.55239551911807,3777.4978834627295,1
8.649447454884431,7.770448629762236,0.4868889237230626,0.4868889237230622,4564.370290905807,1
13.656068201272657,7.512126577791326,0.4774461151044756,0.4774461151044799,2431.7809864636247,1
3.701249013800705,7.478239807468692,0.6637135329069828,0.6637135329069817,2202.469819962437,1
9.109423184447406,7.528091242892019,0.5809362612561926,0.580936261256195,2183.824239445541,1
4.840385139220462,7.52585394020068,0.6589848412518271,0.6589848412518294,2284.513902604314,1
8.369992378203145,7.599926102570475,0.4967466329027838,0.4967466329027856,2508.402613239321,1
10.371109013820572,7.55480006921313,0.5026306132542513,0.5026306132542473,2771.8341499574744,1
9.861416226119411,7.8326027794935005,0.4373238922582674,0.437323892258268,3957.176427507725,1
6.094184404973783,7.351909687333713,0.6592458242342054,0.6592458242342076,2392.827419321004,1
5.487055010081571,7.45625692975281,0.645132742652305,0.6451327426523046,2064.334941684336,1
9.235847986748093,7.58287454747532,0.4836345935386964,0.4836345935386974,2501.34064647828,1
5.712771596305336,7.542766210284365,0.6007374339107827,0.6007374339107879,2654.568838860765,1
9.233057072155315,7.5414247196526,0.4645822635505882,0.4645822635505914,2154.911238491485,1
6.055193415753786,7.5292878784702495,0.5896281921209361,0.5896281921209382,2670.99377262706,1
3.501162047047541,7.400765957601708,0.6627442443234577,0.6627442443234608,2061.351653744315,1
4.940809638287252,7.482784646821678,0.6328512850513008,0.6328512850513033,2140.9823373241675,1
9.97626919423426,7.85123191698703,0.4314734692411329,0.4314734692411338,3994.1220533930777,1
5.017322519915885,7.397390425648876,0.6816488710511709,0.6816488710511668,1883.9193472602951,1
10.913368841444685,7.578889133087911,0.5232103714869097,0.5232103714869064,3004.381851361597,1
2.8990769610552687,7.454463000768495,0.7081896996351325,0.7081896996351318,2143.6052879077265,1
9.743534824604072,7.510846369768608,0.5224998108068704,0.5224998108068674,2222.193465235654,1
10.228859592268336,7.586227401606877,0.4596194587545104,0.4596194587545108,2364.7292929626924,1
7.817574539688104,7.564198697935549,0.5686915169136812,0.5686915169136852,2480.843218700221,1
8.594470211324229,7.540397005843737,0.5431063475706417,0.5431063475706466,2940.4473199059016,1
11.191044432579538,7.760314673523715,0.4630022591258642,0.4630022591258593,4430.024684958515,1
3.595148475138009,7.395727184330946,0.6703444931444444,0.6703444931444469,2077.250526088857,1
3.4095308899892816,6.9205425160327785,0.6313629933782948,0.6313629933782897,1115.2495621673988,1
9.97626919423426,7.85123191698703,0.4314734692411329,0.4314734692411338,3994.1220533930777,1
4.338088785385789,7.425408650641037,0.654107847258459,0.6541078472584604,2130.2089490375324,1
8.7814188099308,7.476051563960544,0.5386981263700072,0.5386981263700018,2405.7203205455044,1
8.813688688051972,7.794535511292506,0.498465978984278,0.498465978984279,4019.893687988909,1
5.020219805990886,7.445301555569754,0.7048755457769067,0.70487554577691,2745.6877312071733,1
6.657208786649703,7.479931616449655,0.5813197380659929,0.5813197380659927,2401.340292397373,1
9.095271539077418,7.568787580937801,0.4716309523974363,0.4716309523974368,2264.672911417263,1
3.059432816767424,7.415818206181866,0.7053541824111405,0.7053541824111371,2095.1246590253068,1
9.391058215957932,7.584048584490262,0.583081643719412,0.5830816437194124,2640.809731815945,1
7.749742869062998,7.591148608725305,0.6082217057070195,0.6082217057070197,2479.9032379077003,1
4.17454738057753,7.561774116228527,0.6352975907259246,0.6352975907259246,2376.104497476144,1
6.4476536013253,7.519809543506717,0.5744711074963997,0.5744711074964004,2586.32535384043,1
14.474378504912934,7.774874104132175,0.3742482231783369,0.374248223178337,3131.952272455598,1
9.579182408217948,7.604031289602334,0.5760751764154142,0.5760751764154146,2442.42203286754,1
3.082371913561424,6.818662827557844,0.6497719122188141,0.6497719122188086,965.8055163870524,1
4.649577493821665,7.244572544727815,0.7264957626905517,0.726495762690549,3415.488482856136,1
4.260861041355558,7.325310169086297,0.6511479096923058,0.6511479096923048,1881.5919769255836,1
6.7098063379430455,7.550179542847765,0.5553102734538597,0.5553102734538635,2351.418236778428,1
5.7239772268835605,7.4189981536435425,0.6168447605788674,0.6168447605788654,2568.807536729448,1
4.649577493821665,7.244572544727815,0.7264957626905517,0.726495762690549,3415.488482856136,1
2.9004186921025017,7.394175308319035,0.7136417728200504,0.7136417728200461,2063.179381090476,1
7.558010558688119,7.389445381649224,0.66152864984019,0.6615286498401857,3572.0988187763837,1
7.8825444642408,7.582801738577389,0.5297197281024401,0.5297197281024373,2581.420600941984,1
8.5735104170675,7.756653809864517,0.4912434503198754,0.4912434503198767,4437.145219177395,1
10.289905525612795,7.515134460873219,0.4625933627356076,0.4625933627356069,2094.034912509396,1
3.1189406994443365,7.41157075238259,0.7130620381272349,0.7130620381272309,2142.509620725073,1
5.551257641858086,7.386002900216474,0.610898848526158,0.6108988485261548,2420.5667425731685,1
9.64596168831239,7.550360751440504,0.5858364891330206,0.5858364891330258,2271.6186086002344,1
3.876384096337397,7.363849959348732,0.6930820753848941,0.6930820753848955,2023.0042290464185,1
7.139130633682875,7.263116301880309,0.6637736849361731,0.6637736849361795,2348.1007125030324,1
10.587718750960612,7.603729668556564,0.464396077455141,0.4643960774551438,2691.694534819056,1
7.647766589234687,7.656840427151868,0.5613313940045158,0.561331394004517,3200.366704588381,1
9.861416226119411,7.8326027794935005,0.4373238922582674,0.437323892258268,3957.176427507725,1
9.749767665746544,7.617074981107244,0.476702700132894,0.476702700132895,2550.162320513911,1
3.498992704674741,7.389082861639148,0.6630895672943014,0.663089567294305,1976.1769846793247,1
7.430320944663476,7.623712763612062,0.5700705953176126,0.5700705953176132,2982.1095357826907,1
3.870364516045462,7.434404475183369,0.6652290660622805,0.665229066062283,2001.460571687252,1
4.666533759239362,7.437500980592405,0.6223504242889328,0.6223504242889277,2093.189495490986,1
8.456025496647747,7.563006773259832,0.5175508654951704,0.5175508654951673,2509.4186707141816,1
9.174994842470598,7.386524080191185,0.5295044797600021,0.5295044797600076,1928.7261302966187,1
6.089191165417588,7.487859098436432,0.6332848043297323,0.6332848043297306,2197.2204487319814,1
8.456025496647747,7.563006773259832,0.5175508654951704,0.5175508654951673,2509.4186707141816,1
5.017322519915885,7.397390425648876,0.6816488710511709,0.6816488710511668,1883.9193472602951,1
6.119025308387794,7.578935409998523,0.6117354710526532,0.6117354710526592,3074.2074378501466,1
5.111735839925467,7.45071704171936,0.5954819733191173,0.5954819733191214,2049.701488268224,1
8.210850190104656,7.538305552441029,0.5482337441722931,0.5482337441722966,2584.040921628097,1
3.786613461374852,7.366229903652937,0.7297637903373568,0.7297637903373616,3742.914701681789,1
8.502803889964715,7.761310146555624,0.5587265338795548,0.5587265338795551,3625.501126185493,1
9.815195451137123,7.55219463501429,0.473526141123116,0.4735261411231144,2254.698373968694,1
8.606447432079438,7.826488595583054,0.4769394081233508,0.4769394081233556,4175.269403859701,1
3.3750469765791795,7.404351262560718,0.675001360847691,0.6750013608476888,2040.5579553629184,1
8.504567963852518,7.539323361585446,0.5872818202152181,0.5872818202152263,2420.2605887243662,1
6.250435749643481,7.301117719805937,0.623326343625106,0.6233263436251073,1574.60606992739,1
20.01081596099141,7.710357791525335,0.4443170634906702,0.4443170634906738,3088.9067326212867,1
6.865948950025976,7.76013194635445,0.5426845334833842,0.5426845334833881,4735.196203243503,1
11.113787896082428,7.549707721528948,0.56170909256175,0.5617090925617544,2301.580543363561,1
10.122799315768606,7.399356950638875,0.4836945013331752,0.4836945013331786,1842.0518216465632,1
9.20401743022802,7.502066931180246,0.4899730196916272,0.4899730196916291,2105.4236691216715,1
7.667318169472118,7.454028036762989,0.5853377552075469,0.5853377552075505,1907.8479181584355,1
12.19903945133069,7.75176179483496,0.5075940193782791,0.5075940193782797,3745.700838108488,1
13.312087503236375,7.733810676332514,0.4474652467260372,0.4474652467260402,3415.2546321968266,1
12.968754166840124,7.458492413763943,0.4652975329152558,0.4652975329152594,2298.715032322598,1
21.067660265566133,7.852825076411532,0.4420289323142192,0.4420289323142224,4183.952970113752,1
20.903717438749048,7.893900868185623,0.3913215212420546,0.3913215212420579,4106.335399142121,1
20.824944746294552,7.787024826671985,0.4135541563030321,0.4135541563030357,3211.3926181027755,1
16.624331455727376,7.784446370665408,0.4092358463903288,0.4092358463903294,3349.606885344292,1
12.512780803341874,7.40340838852274,0.4570409952417972,0.4570409952418003,2540.636928780057,1
13.327560092174595,7.80009935751155,0.4751011284766928,0.4751011284766963,3718.9129664009847,1
7.363147124000285,7.509323083771438,0.5244282088873482,0.524428208887349,3392.046265886308,1
12.26094532436779,7.765620617355104,0.5080129411685732,0.5080129411685741,3809.160009419167,1
16.225962364932258,7.782493939523258,0.413010779492973,0.4130107794929732,3338.7002944777696,1
10.253022918754503,7.475677872427622,0.4832335251798179,0.4832335251798186,2119.899307129316,1
13.449602642968555,7.818110508219177,0.4504627142519365,0.4504627142519403,3599.3631265127005,1
11.108314935000138,7.773702062553619,0.4783640951659503,0.4783640951659532,3968.573693717027,1
10.635576261114158,7.686083895197528,0.4840376548064962,0.484037654806501,2775.849084708372,1
14.071797183673608,7.745506387875674,0.476679022177671,0.4766790221776749,3189.8897744780083,1
11.78787538529756,7.832557657483937,0.4802544936582984,0.4802544936583014,3848.4972402907056,1
12.365483584900383,7.714402193509088,0.4612725894695618,0.4612725894695631,3287.1404836010006,1
10.481274590100284,7.161038114869459,0.4857878736005731,0.485787873600576,1246.305587592752,1
12.073464154339865,7.606310905351045,0.4420293949365479,0.4420293949365485,2380.195498349818,1
7.43255526887615,6.965364311602145,0.6360934912356899,0.6360934912356881,1046.785869809981,1
14.69919149473833,7.707117502063961,0.4476626580437738,0.4476626580437784,3051.1929600561293,1
10.374947008172,7.747361146130872,0.4798156219747629,0.4798156219747694,3140.1224476798343,1
24.887068210034705,7.741704899080245,0.4243075426887128,0.42430754268871,2979.6416700421005,1
10.947930647549924,7.493779054429666,0.4860769196316996,0.4860769196317006,2054.342580181515,1
15.879048791303756,7.782263552833546,0.4082889436884111,0.4082889436884119,3296.9996213264794,1
18.981568341488703,7.700932798874376,0.4082742877497336,0.408274287749737,2913.472057074792,1
9.01957697913897,7.52291077983527,0.4843749739185717,0.4843749739185725,2179.4980674759126,1
11.525109954845572,7.708990635709484,0.4649565019201665,0.4649565019201642,2920.4020191733584,1
6.316455502519453,7.653994335131915,0.6057287505204656,0.6057287505204701,3353.0104158307367,1
11.439563820439457,7.640757096511221,0.471704801228096,0.4717048012280994,2725.7620709753464,1
6.189299608257651,7.630268724339249,0.5818953640812562,0.5818953640812543,3179.43225873597,1
6.571612936165813,7.680782409871032,0.588760288924199,0.5887602889242038,3649.2114712735247,1
5.255592837608718,7.622177515643963,0.6151834036990026,0.6151834036990078,3944.4095657772887,1
9.897210392908608,7.605744572708931,0.4942947788333359,0.4942947788333356,2635.6579471339464,1
7.66718198760424,7.441892181477614,0.5479916057750971,0.5479916057751015,1873.385140034208,1
20.796783668562423,7.892053013560881,0.3928213470719641,0.392821347071967,4078.629040469233,1
10.066588106732691,7.597643520186366,0.5153462220117037,0.5153462220117081,3058.9733070095267,1
12.630810411755723,7.735746453518701,0.4493569805005749,0.4493569805005776,3366.0898692904752,1
12.40576726592246,7.390986320139754,0.4539798372118588,0.4539798372118623,2483.407188767944,1
18.587471925834105,7.839029643094687,0.4592158700180117,0.4592158700180145,4231.812922128824,1
11.696576944365416,7.829478356892259,0.4775110328406515,0.4775110328406549,3792.649973664912,1
9.750099916671964,7.384901747278748,0.4841340528592726,0.4841340528592736,1701.9584587671686,1
7.7850111064716305,7.470755457817919,0.5226414521542817,0.5226414521542825,3015.1036972487373,1
10.767993727695128,7.536207833042017,0.487563909313861,0.4875639093138616,3306.818717132448,1
12.735166734148011,7.600684101400757,0.4309379531174501,0.4309379531174513,2349.1357819523155,1
9.042883654888874,7.482838301275731,0.5224157056058785,0.5224157056058798,3104.838084745312,1
16.437666102290468,7.847390471126678,0.492446504235619,0.4924465042356232,4322.923438024755,1
6.479739542474409,6.547224327129111,0.671060221140668,0.6710602211406669,1065.2830598592873,1
7.679208989341561,7.129151593216672,0.6228778196500305,0.6228778196500344,2213.804631313008,1
13.330861894247228,7.729437549268182,0.4441526210776144,0.4441526210776182,3398.0202666452324,1
10.479789015203409,7.794074700926421,0.483494704051612,0.4834947040516154,3549.347755760955,1
9.729975519909283,7.4657557376207535,0.571865248691474,0.5718652486914783,1960.9334176759576,1
11.896448767816516,7.568344196173289,0.4489511960290718,0.4489511960290734,2243.716996198408,1
11.701742439007758,7.524297716958268,0.5690570103825899,0.5690570103825934,2129.558434320358,1
16.392045750008336,7.84487404431666,0.5001127615037955,0.5001127615037988,4339.464007714845,1
11.638813092367634,7.719099206072861,0.631939974455238,0.6319399744552403,4620.840281142374,1
14.327837480792049,7.768333841345506,0.4371377579956536,0.4371377579956562,3544.3462489293274,1
12.789922243552976,7.716516679288835,0.5132260267055575,0.5132260267055586,3558.1698712266816,1
11.908213982950908,7.77800214128335,0.4929429724979879,0.4929429724979883,3713.1921323677657,1
8.011041357907782,7.568334364380054,0.5300001175464688,0.5300001175464735,2223.680148597083,1
11.072417756145375,7.771770695067729,0.4775708341079422,0.4775708341079448,3977.2587304771255,1
20.8248352653858,7.891015387346996,0.3907930418254541,0.3907930418254567,4082.354771983821,1
16.437170192149434,7.7051617642985715,0.4468344406098932,0.4468344406098972,2877.066626754238,1
16.446424913190057,7.721292192791192,0.4388256402256016,0.4388256402256052,2907.9281791408253,1
10.119756343177189,7.746516816438887,0.4876943881469384,0.4876943881469424,3452.5963262334126,1
16.48412441784188,7.854685599237376,0.4740754033475021,0.4740754033475061,4267.417223670961,1
14.573576055626656,7.524116097119018,0.4351644802046389,0.4351644802046425,2128.414292377304,1
10.507896131610112,7.754647511791563,0.485539154657677,0.4855391546576811,3454.7136295197456,1
9.810037258315544,7.374619498835764,0.4792881244960083,0.4792881244960114,1778.5013112809904,1
6.601493695033558,7.291828928901458,0.6289423262977587,0.6289423262977598,1529.901522902329,1
12.846022374728047,7.809416900503598,0.4607614234502892,0.4607614234502931,3724.998171966539,1
25.112311790848445,7.763588336944939,0.4166049576780779,0.416604957678075,3049.7685090823343,1
6.710939730397446,7.520726282111232,0.5404899887847088,0.5404899887847118,2217.206619949911,1
10.48176810944372,7.449088971246319,0.6002265388970354,0.6002265388970357,2176.0983025867627,1
11.642747165418296,7.560482086590033,0.4470431765048269,0.447043176504828,2221.981225974381,1
16.19383669702396,7.776460487132651,0.4097194017383428,0.4097194017383431,3297.58831927978,1
20.918743550011968,7.89449152112944,0.389512845603688,0.3895128456036907,4087.1067065337097,1
17.309021235902282,7.591788754723279,0.4158206545366898,0.4158206545366938,2663.197823908772,1
10.076863167738594,7.405215061953982,0.6068978252336351,0.606897825233636,1976.700840041557,1
21.25279948576035,7.895229543853429,0.3888709743909871,0.3888709743909894,4091.330063898772,1
13.633749877398214,7.610724682340065,0.4833478947634159,0.4833478947634201,2458.697141473872,1
11.849677720964058,7.778746710179691,0.4664690448486144,0.4664690448486169,3861.6075616528,1
13.48055013717421,7.8126182631182,0.4472118266850499,0.447211826685054,3509.715276298125,1
14.460787589893048,7.644890082703582,0.4306494022506589,0.4306494022506624,2734.3770241647503,1
6.779934313877054,7.287031689968032,0.6403212900968336,0.6403212900968337,1534.42471682086,1
13.322709739976776,7.468806142907567,0.4588597532159158,0.4588597532159192,2381.948917714511,1
14.073337818291169,7.653065788142056,0.4377713688388365,0.4377713688388402,2770.5666915394604,1
11.609366445108945,7.837206700259943,0.4822103918632816,0.482210391863285,3857.6139435335535,1
21.64003171604961,7.736591413802956,0.4026261492913646,0.4026261492913656,3065.349357023122,1
11.0891827304632,7.781371232969327,0.4783805732382173,0.4783805732382197,4017.560308385151,1
8.81929335810029,7.290857322546309,0.4800219472907464,0.4800219472907457,1816.357737430863,1
20.45409451758324,7.624475560116517,0.3932344969539092,0.393234496953913,2786.780453780511,1
7.237577042447201,7.720699002607617,0.5120139131319175,0.5120139131319187,3052.248088950876,1
21.026357098193444,7.843083451326516,0.4220533084076403,0.42205330840764,3689.0203787742585,1
6.507660315678912,7.680918500746641,0.5938754764252199,0.593875476425224,3683.321117442676,1
10.307323139816942,7.615041104300743,0.506931060077383,0.5069310600773871,2960.622317453588,1
10.872759271561891,7.545536351386536,0.5501246347897297,0.5501246347897333,2321.998716081104,1
19.036637496828096,7.701637305833184,0.4088651040759887,0.4088651040759913,2886.226630863378,1
6.730042354410065,7.776631975662763,0.5430944109444936,0.5430944109444977,4766.431176746637,1
15.890744304950598,7.721647347686259,0.4283381482755419,0.4283381482755422,2936.1367833318504,1
7.918597952659249,7.575531342479039,0.5332140996534982,0.5332140996535027,2247.145375858119,1
13.05324807982463,7.732358495361318,0.4491828322020115,0.4491828322020145,3374.5738832818674,1
10.361374870608811,7.757597042155848,0.4859220714235671,0.4859220714235701,3446.367658251719,1
17.24885610600209,7.707398375098364,0.41900758754717,0.4190075875471729,2926.9766472297624,1
10.715148801416664,7.707235858745276,0.474752458759955,0.4747524587599604,2797.8562378356623,1
12.517110738677584,7.638932550184311,0.4292529452211136,0.429252945221117,2580.765718230213,1
9.711195457401324,7.47085977144458,0.5171512675928849,0.5171512675928887,1976.8367000229505,1
7.872656008795402,7.5744653860974385,0.5325811207608778,0.5325811207608813,2252.526928974989,1
8.823073318163667,7.486305352166534,0.516340073338557,0.5163400733385608,1950.5026088760535,1
9.73495625868502,7.763209629878682,0.5007158931944347,0.500715893194438,3385.1907987470854,1
15.0601746917825,7.865383103358368,0.4376852825104571,0.4376852825104575,3767.8386727980414,1
18.57637878509885,7.642243960551072,0.4651501249761488,0.4651501249761525,2593.059555242925,1
19.37728276779322,7.63940201831746,0.4161415393830527,0.4161415393830563,2700.405741492272,1
13.7502539802916,7.59019809215383,0.467054047616724,0.4670540476167276,2806.007695260805,1
14.424462079856475,7.249281614784859,0.4634594997723995,0.4634594997724042,3424.376331883717,1
17.271663809712315,7.667716943824582,0.4191041565278579,0.4191041565278587,2562.8202669251546,1
19.046714325449447,7.854077549186652,0.4375332495730691,0.437533249573072,3884.2654127295,1
16.356847120414553,7.739834026809787,0.4315725005789739,0.4315725005789748,3129.6739365487715,1
17.45302862011936,7.781692316700367,0.426757822917682,0.4267578229176849,3452.291461598424,1
6.98184452323278,7.894444924267639,0.5261635737960937,0.526163573796098,4740.232082908681,1
8.0931461944339,7.430986276143168,0.5622743859447961,0.5622743859448004,2212.8650495388897,1
23.322249300592357,7.759787796450521,0.3991625532093919,0.3991625532093931,3068.303869055584,1
17.900682472701856,7.720535824583781,0.4449841729775133,0.4449841729775167,2976.354771150122,1
11.810540410122863,7.592260843487438,0.4768667719241176,0.4768667719241206,2334.4373888917858,1
14.783889770072316,7.713497825300634,0.4607661048695798,0.4607661048695834,2987.6137335773583,1
24.879169650881344,7.885308213934857,0.4011720679103099,0.4011720679103124,4678.105204908247,1
14.533646315997515,7.6805698803784574,0.4530972464337642,0.4530972464337685,2660.778794059922,1
23.106017921174352,7.804342090658135,0.4525824912399112,0.4525824912399113,3486.940539352144,1
22.55401263464776,7.763899877728309,0.4305634495275766,0.4305634495275769,3931.980328687896,1
17.929256962525244,7.7679543987288415,0.4223947934039275,0.42239479340393,3382.0929343362363,1
18.01772583406219,7.708744688757411,0.4453282333115334,0.4453282333115372,2921.586437336005,1
10.820452138281953,7.529456205833334,0.5086618816270956,0.5086618816270992,2683.038655255325,1
14.23567987271266,7.67696539333882,0.48898014666688,0.4889801466668837,2796.29203682985,1
10.689166594379577,7.867709876574525,0.4609012031584876,0.4609012031584888,3795.263086420688,1
13.571220660268851,7.399524519419521,0.5214155137590377,0.5214155137590353,2163.7793489480914,1
11.56974425099779,7.307286143780377,0.5192346895880278,0.5192346895880288,1878.7308050606853,1
13.7533591317534,7.732313939962374,0.4585406913237112,0.4585406913237151,2976.915229209703,1
20.937598728377683,7.695970809385045,0.4198714490846532,0.4198714490846538,2688.9576785141207,1
18.70325169491476,7.838635598125911,0.4276558724045928,0.4276558724045969,3770.3120217058463,1
13.091337514790355,7.704399190318104,0.4777867986612728,0.4777867986612762,3168.625017326808,1
19.012758840182748,7.847815884260877,0.4237900396087629,0.4237900396087634,3823.9265622535495,1
13.66717816406565,7.717200407402839,0.4500808588750785,0.4500808588750822,2991.0189997913026,1
17.072066002723904,7.75610282852858,0.4399700543098334,0.4399700543098335,3321.6231438293426,1
17.79520056237824,7.716555103790776,0.4463589271895791,0.4463589271895831,2962.327877142246,1
20.06475443963719,7.768596555284065,0.3924495594186715,0.3924495594186715,3246.902548553416,1
18.388924188521056,7.812226137344092,0.4093085629198609,0.4093085629198594,3514.228840185366,1
18.494703579366245,7.689474249292201,0.451472177723371,0.4514721777233748,2837.043198203562,1
14.338547580644429,7.629802043514374,0.455093423692897,0.4550934236929007,2879.576225057168,1
18.339270305703344,7.715125680849587,0.3984155401380368,0.3984155401380379,3036.851545826856,1
14.735726098453547,7.745604448162939,0.4521954525117475,0.4521954525117455,3327.7404451124585,1
18.02382336955118,7.643263373170784,0.4612039691901561,0.4612039691901569,3045.7423211139303,1
14.875709708394735,7.602520825193169,0.4892259983071637,0.4892259983071687,2588.549040716887,1
19.185695670120623,7.776077015394225,0.4147303288689418,0.414730328868946,3510.5551967295737,1
14.40052540331702,7.496213760888027,0.4881134615884381,0.4881134615884431,2701.698787872386,1
19.28992487758855,7.846619323922052,0.4216506783998606,0.4216506783998609,3842.435316098296,1
11.010529536775572,7.538279644521803,0.4960340723736492,0.4960340723736534,2639.307407820132,1
17.304782367994374,7.816161321843685,0.4162785291813283,0.4162785291813312,4088.324808851492,1
15.569782248629211,7.805124795549174,0.4200527871193236,0.4200527871193268,3579.063804647189,1
11.839596340511084,7.712279017573607,0.4869475296710832,0.4869475296710866,3174.252564852072,1
11.301895484901594,7.307246146079597,0.5216571761228452,0.5216571761228462,1886.0577046886715,1
18.39551407287762,7.6346321202459455,0.4218927061088595,0.4218927061088598,2714.1945207468884,1
14.27282570277886,7.616030896256171,0.4999315225396111,0.4999315225396152,2655.503802555467,1
8.142889952690162,7.465568158865803,0.5582597805739085,0.5582597805739129,2304.5524566569684,1
8.683131899895972,7.437037023239736,0.5615313191157966,0.5615313191158007,2201.507437384196,1
23.22450272962416,7.806612913184037,0.4504257582038157,0.4504257582038158,3487.1733496067227,1
18.54380314922755,7.639274638654365,0.4697643216747635,0.4697643216747677,2696.030100322516,1
19.12326319024855,7.8456127093693055,0.4241151549163605,0.4241151549163609,3830.208187552496,1
16.68200619326114,7.785965544709175,0.4672789997335336,0.467278999733532,3677.114202966161,1
17.973459924133245,7.872194477037604,0.462729497558916,0.462729497558917,4505.396422484772,1
15.684327466541294,7.753926654203076,0.4418029909727072,0.4418029909727108,3308.083949583965,1
18.17582801902272,7.735709273692697,0.4594582219310461,0.4594582219310471,3970.428913137757,1
22.247381316393643,7.863417669038237,0.3806464456418925,0.3806464456418947,3907.925126573005,1
15.188877842401803,7.833268786928009,0.4496370320161192,0.4496370320161225,3738.827607114992,1
12.081566839219946,7.397861143603102,0.5345330947933067,0.5345330947933059,2077.4451085419373,1
17.968578845601638,7.764431598544337,0.4140298564860812,0.4140298564860842,3298.7057498643744,1
18.629886952326867,7.646664477922703,0.4629082144666627,0.4629082144666671,2605.131762877809,1
17.680203747188752,7.787231415731648,0.4219931497894517,0.4219931497894512,3433.351494770141,1
19.08720194436534,7.830379730185816,0.4268472672445244,0.426847267244528,3725.517765832375,1
14.99410872006364,7.867166828893891,0.4622473366244405,0.4622473366244444,4663.520313670788,1
23.31612296396826,7.805677397604922,0.4495427504974341,0.4495427504974348,3462.656735501216,1
18.75584275528422,7.695701905650823,0.4503344100045486,0.4503344100045527,2872.500065954387,1
19.18315332946133,7.633479027976415,0.414342853014101,0.4143428530141017,2708.6726449888706,1
12.79171252275396,7.589861597738731,0.4768366018697228,0.476836601869726,2744.6815958411903,1
23.09597822245225,7.760867143185928,0.4343298847492836,0.4343298847492841,3941.455090029234,1
8.351199463353458,7.460910254854181,0.5560124608121981,0.5560124608122019,2298.910846474398,1
14.783894397200612,7.701596827792936,0.4582928165463846,0.4582928165463877,2899.968456086834,1
24.65354091276415,7.87789468924685,0.4058867441957797,0.4058867441957816,4548.2528395289855,1
33.75624706106649,7.860878663629155,0.3354696281563923,0.3354696281563921,3744.132013778337,1
13.285656885863652,7.858016414684521,0.4472616805584808,0.4472616805584811,3697.720357751424,1
14.064597340990504,7.494543540136767,0.4888557400066579,0.4888557400066634,2667.9391931415976,1
19.29486044336437,7.849272368065394,0.4207564121152654,0.4207564121152657,3878.2618732140822,1
18.660901156815104,7.638713486144962,0.4214482327681075,0.4214482327681104,2793.390478363408,1
9.505018231404192,7.509476085309492,0.5238306860853416,0.5238306860853461,2536.9588203973094,1
17.929559087975008,7.76533748125423,0.422759675327454,0.4227596753274568,3301.8303223963826,1
13.87501545836028,7.856206241084766,0.458726856599667,0.4587268565996714,5104.345709987244,1
6.1617821553383685,6.614225629548757,0.6625861241166517,0.6625861241166507,2356.002933202321,1
15.069955385839396,7.674563205372966,0.4985809579087169,0.4985809579087204,2793.666946593025,1
18.330270467961533,7.732115333184058,0.4903574197334637,0.4903574197334674,3203.2042861558216,1
13.177683813084414,7.723552705305096,0.477976556177264,0.4779765561772667,3224.854223531529,1
14.265410737629349,7.687335778376159,0.4738440109066227,0.4738440109066279,2905.586037941784,1
19.898695068581223,7.758491791890316,0.432907360547399,0.4329073605474031,3802.736743519243,1
16.10659691025711,7.7187639364267,0.4330130429609587,0.4330130429609594,3069.88904879312,1
14.777885773598191,7.662443163934602,0.4649783863388054,0.4649783863388093,2921.138413988843,1
18.109601578547554,7.775314056579594,0.4381186581986037,0.4381186581986039,3312.7304367847205,1
16.854807101771737,7.84215302498949,0.3989051239426374,0.3989051239426385,3704.613085016584,1
22.098788012728438,7.825497262359113,0.3957635381096736,0.3957635381096765,3717.244961725136,1
20.88777780934274,7.791639607834489,0.4053432021390233,0.4053432021390257,3145.492260119318,1
17.454661265021524,7.784261547813755,0.4236552541389757,0.4236552541389729,3428.751705004556,1
32.15667376170244,7.84704137258493,0.3385852745318011,0.3385852745318017,3601.6840858430105,1
18.237672351135497,7.643589214326454,0.4603241062004432,0.4603241062004439,2671.813177947967,1
16.365635907804894,7.733860551205103,0.4376122145248858,0.4376122145248892,3177.716978281666,1
12.92015808023332,7.2644575801154785,0.5112501556495677,0.5112501556495662,4461.991845078194,1
8.887948776137465,7.422765597407681,0.56890769514541,0.5689076951454142,2193.4759677603984,1
19.496073200181367,7.670081587251517,0.4270754620524329,0.4270754620524337,2825.711649558118,1
12.685490357530863,7.637889253615846,0.5182191506969098,0.5182191506969077,3230.4888666364354,1
17.668421518561697,7.731417334062877,0.4934437208855203,0.4934437208855242,3222.415325390766,1
10.117076250614652,7.820592428081548,0.4749498862683919,0.4749498862683924,3581.573972913921,1
18.550794211659365,7.690448337003994,0.4480836617283201,0.4480836617283242,2848.3833124358903,1
20.02828780035881,7.66435693407605,0.4305829397883496,0.4305829397883505,2802.432540115301,1
3.9592700647365415,7.069509551134994,0.7148875763440481,0.7148875763440423,2001.0061867218967,1
18.478276982253632,7.644544227917812,0.4615632632430562,0.4615632632430603,2614.671735317488,1
18.007371262035765,7.7216383505496,0.4427078178220576,0.4427078178220612,2987.536449025821,1
18.77930535686707,7.636102343054194,0.4186468768331199,0.4186468768331207,2739.778737995364,1
15.303935607186652,7.803664594220734,0.4206748247021966,0.4206748247021996,3555.726115985828,1
18.477705612954463,7.646016005258985,0.4671589233441235,0.4671589233441272,2603.6818726039014,1
10.8490215548709,7.531701533880829,0.4999352223664609,0.4999352223664642,2633.177324251373,1
11.890205840851342,7.5583228241403235,0.5194016213705609,0.519401621370561,3318.6242492767424,1
11.542005664112008,7.72702523991814,0.4901368521985304,0.4901368521985335,3207.172709970265,1
21.544743421080213,7.8664064152621584,0.3870006181436579,0.3870006181436606,3907.444655473068,1
9.673633214192934,7.785046733089144,0.4734689095076158,0.4734689095076164,4715.85314349092,0
7.76395091163567,7.46227818110189,0.4934652394244868,0.4934652394244911,1956.074065760992,0
10.10465483188743,7.765375163455757,0.4342018728836428,0.4342018728836466,3487.6838723073142,0
12.329919898867564,7.753908239063236,0.3991408979096894,0.39914089790969,3394.753155319504,0
7.019134824545443,7.567594882160015,0.4993800529822348,0.4993800529822317,2409.4579534487434,0
4.6447384417895625,7.177574355356461,0.5818154116046403,0.581815411604645,1337.970700424437,0
7.208114843290236,7.787138563780055,0.5623060558191773,0.5623060558191797,4487.251820448977,0
7.366531766489015,7.536501382749382,0.470532997194599,0.4705329971945998,2328.8090951145277,0
16.468652576957385,7.724678300569176,0.4385165776040602,0.4385165776040581,4090.4020003544183,0
6.547873863709646,7.764251904597866,0.5466545960003688,0.5466545960003721,4414.309367948567,0
10.122182863768042,7.504617351977923,0.4596600754744041,0.4596600754744064,2056.246857056693,0
11.455764881528404,7.730904533491748,0.4983027289164567,0.4983027289164605,4840.660211894654,0
11.44301902136393,7.420407854645653,0.4489956127124959,0.4489956127124995,1805.8647395745363,0
5.886694555526105,7.730671293526722,0.5444520845322495,0.5444520845322539,3681.848871560389,0
14.214435944600751,7.426279343600138,0.4458357272137644,0.4458357272137676,1797.8711847701434,0
7.5809182942563105,7.58896495161585,0.5881003159604322,0.5881003159604332,3461.876828610798,0
12.756581164466276,7.659292833158276,0.4148526601763427,0.4148526601763468,2702.984203859426,0
7.916253004232939,7.706320858978534,0.4955160818304147,0.495516081830414,3100.680488808492,0
8.520511121016863,7.1582907713241255,0.5649245708621549,0.5649245708621566,1236.2370857102053,0
7.565042480647545,7.604913374846443,0.4917921573774654,0.491792157377468,2667.74209905431,0
7.030061332144568,7.213230140285612,0.5255042569654454,0.5255042569654508,1333.190689698778,0
7.5809182942563105,7.58896495161585,0.5881003159604322,0.5881003159604332,3461.876828610798,0
6.151180348213206,7.447814402056778,0.556975853754231,0.5569758537542344,1903.5764169647505,0
6.210141541202827,7.701161063645502,0.5140950091088745,0.5140950091088778,3230.3952695874336,0
7.573715532836566,7.347719685701289,0.4980447859718686,0.4980447859718679,1650.1879859534556,0
5.997278733687542,7.771992387838828,0.5159081295304943,0.515908129530497,3999.839205650843,0
11.83948948562622,7.630024783035616,0.4255348600916461,0.4255348600916497,2585.443150923559,0
7.982324986649983,7.654911027473277,0.475752138872531,0.4757521388725296,2713.366620012765,0
8.52807173965823,7.161594491829657,0.5648735593122498,0.5648735593122522,1242.100887739129,0
9.971164231921634,7.660338516035515,0.4176928434003001,0.417692843400304,2703.88103217085,0
7.7772303509812515,7.589616899276104,0.4793679729400384,0.4793679729400426,2318.3576169846897,0
7.027137460188801,7.344670091955491,0.4878008480356835,0.4878008480356876,2032.1801673639127,0
5.364929443972714,7.66905431467042,0.5285624325979679,0.5285624325979719,3414.586926362605,0
6.510316667207807,7.452408337991086,0.5015566623122918,0.5015566623122925,3155.0893570415374,0
7.3657752637427585,7.495969166735964,0.5127782747605988,0.5127782747606003,2361.0991039716687,0
9.363679198769349,7.355824866033386,0.4222770093101538,0.422277009310157,1905.4635862517264,0
6.819051037296869,7.441721754904688,0.5147497855202061,0.5147497855202088,3148.894582329657,0
10.11175003485123,7.524094209059568,0.4894352364932373,0.4894352364932382,2156.5826461072343,0
11.44301902136393,7.420407854645653,0.4489956127124959,0.4489956127124995,1805.8647395745363,0
9.274414154205548,7.701922672185192,0.4766188300882129,0.4766188300882141,4351.264598227671,0
6.138135974239501,7.38895182622054,0.5060349029910569,0.5060349029910556,1741.4488376105369,0
10.45893499944524,7.553955510540139,0.5088575116496545,0.5088575116496581,2431.7399417340707,0
7.019134824545443,7.567594882160015,0.4993800529822348,0.4993800529822317,2409.4579534487434,0
4.505839484586804,6.377982803488597,0.6191250423187612,0.6191250423187598,2702.522022226196,0
5.455036265894252,7.042107923469148,0.5662522592652102,0.5662522592652113,1164.7237813688896,0
6.819051037296869,7.441721754904688,0.5147497855202061,0.5147497855202088,3148.894582329657,0
6.510316667207807,7.452408337991086,0.5015566623122918,0.5015566623122925,3155.0893570415374,0
11.047038076385984,7.497353463095505,0.5057538478924546,0.5057538478924586,2001.642290188308,0
9.97468277488948,7.671464001685491,0.4353587980234245,0.435358798023426,2720.866934540914,0
11.455764881528404,7.730904533491748,0.4983027289164567,0.4983027289164605,4840.660211894654,0
9.845863337512226,7.718604287922673,0.4995534618434198,0.4995534618434207,5075.252551514875,0
4.290771486521173,4.7688655318173385,0.7643425200863914,0.764342520086392,1536.7096742563392,0
10.371083016713731,7.337679981915631,0.468485590845593,0.4684855908455902,1730.8461132048164,0
8.409612715174077,7.433757754837551,0.4634846285676139,0.4634846285676156,1873.453833509324,0
7.390197594666144,7.531308363565879,0.4696207427114961,0.4696207427114972,2284.90394351824,0
6.1746245691839725,7.419167609553227,0.509028482467017,0.5090284824670209,2010.166638563654,0
7.170645913156258,7.086612808664059,0.5701728408956324,0.5701728408956357,1129.721656017272,0
6.21986497318232,7.170934686129231,0.565189109277343,0.5651891092773426,1256.9280740771785,0
10.809560481129786,7.274426277295888,0.4783725159479867,0.4783725159479857,1876.0656069153129,0
21.022988195934914,7.710983233752852,0.4142751849431432,0.4142751849431462,4080.772722822406,0
7.23793476628047,7.2885459354735325,0.5475548317422281,0.5475548317422334,3207.394473396745,0
6.796033671778548,7.32344658785413,0.5553569909702172,0.5553569909702214,3318.102398565783,0
4.478421215169373,7.430034985793351,0.5312023458490064,0.5312023458490116,3037.7122618051712,0
11.68822914999318,7.521675506473907,0.4495162008729189,0.4495162008729203,2182.512246547324,0
9.979112261565756,7.738418645131742,0.4605368296666033,0.4605368296666036,3178.9048813808968,0
5.42031646689994,7.690933160537657,0.5306177972603014,0.5306177972603046,3487.390714570293,0
5.451247546932498,7.280792981762306,0.557237088064405,0.557237088064402,1518.0574342087114,0
5.12274045988461,7.271135497426421,0.5496093088507247,0.549609308850727,1699.17325264667,0
5.666098899695467,7.416233573729509,0.5346423429782486,0.5346423429782532,1942.9819786417927,0
7.432754359632046,7.192003435228955,0.4579782391191556,0.4579782391191544,1421.6652933184637,0
10.10465483188743,7.765375163455757,0.4342018728836428,0.4342018728836466,3487.6838723073142,0
8.155865002446676,7.363196117810919,0.4641513394981166,0.4641513394981159,1796.7167076666692,0
12.765483764653938,7.737208571822734,0.4403229166078037,0.4403229166078033,3300.0778603269905,0
10.293775115475196,7.598766566322221,0.4886343578394757,0.4886343578394796,2962.161427764408,0
6.2009824619262615,7.370123591558673,0.5424815036577644,0.5424815036577604,1768.48424521366,0
6.07840654664516,7.107257473877571,0.4753452570586396,0.4753452570586369,1277.8197091793843,0
7.475664249210121,7.765793874488557,0.4741180774765718,0.474118077476575,3359.3140191255598,0
8.212141249202784,7.38248086410631,0.5043228788169412,0.5043228788169425,1713.8699596372703,0
3.587857433639557,7.632831592578511,0.5774109800480811,0.577410980048085,3156.334983889976,0
5.178918450184848,7.507990937601628,0.5391706915829181,0.5391706915829225,2085.1541558675503,0
6.120348599527128,7.626670278587021,0.5560669141613768,0.55606691416138,3244.4072887095067,0
7.912233472754474,7.679223598724093,0.4673172146075129,0.4673172146075136,2862.8301584905826,0
4.903696704916561,7.305665163609142,0.5957153049320925,0.5957153049320969,3377.324823740493,0
7.10884849241978,6.451877971880192,0.5844503153184142,0.5844503153184147,2724.313829492396,0
5.886694555526105,7.730671293526722,0.5444520845322495,0.5444520845322539,3681.848871560389,0
6.694904222264347,7.476704114116007,0.5384762819284944,0.5384762819284968,2328.388038818236,0
7.403485314248013,7.805204948226565,0.4748836049560572,0.4748836049560601,3967.084348590913,0
6.084948969514079,7.438174625419195,0.5510099362439594,0.5510099362439611,2383.9591889530075,0
3.0804312133675493,6.670843435715161,0.6390761304290824,0.6390761304290894,2348.95729275372,0
5.666780268186142,7.390361745282463,0.5705710042866435,0.5705710042866435,2146.177831071931,0
5.47563391525009,7.454344541463429,0.5453036544883735,0.545303654488372,2283.48557708566,0
8.184578115487904,7.401404927509259,0.4784541321605738,0.4784541321605773,1742.0468389159112,0
9.95789513143629,7.660723541057634,0.4116549797290809,0.4116549797290764,2985.6482400102686,0
9.384069349905891,7.200665522104023,0.4841282695799532,0.4841282695799534,1365.8898897471183,0
9.673633214192934,7.785046733089144,0.4734689095076158,0.4734689095076164,4715.85314349092,0
5.671905837372806,7.261488729530567,0.5278336947227016,0.5278336947227024,1806.789056039803,0
8.933399157497613,7.525536808857043,0.5055808141999173,0.5055808141999205,3555.8569175700245,0
7.393617516794808,7.624633413791003,0.526976935707981,0.5269769357079822,2789.00677591122,0
6.72059728229962,7.760871829134309,0.5041419124325444,0.5041419124325385,3864.884285607314,0
7.308353628389485,7.667028605558032,0.4870641898816278,0.487064189881627,2662.204089540469,0
11.156578272309144,7.54863723810954,0.4469127076481831,0.4469127076481828,2434.543369073807,0
12.42757344971304,7.772456045355717,0.415079395030488,0.4150793950304896,3245.320586302675,0
5.9246230986887145,7.13619426029457,0.5609914368521152,0.5609914368521152,1223.1815204351594,0
6.138135974239501,7.38895182622054,0.5060349029910569,0.5060349029910556,1741.4488376105369,0
4.73361174590015,7.469723056921534,0.5892063617562212,0.5892063617562261,2043.1435328567795,0
4.898516609131462,7.660101595876164,0.5787394898669613,0.5787394898669658,3095.380405622969,0
5.687848150455513,7.657935917548757,0.5164431149152918,0.5164431149152948,2957.718894736206,0
4.66723039205979,7.513412040312302,0.5461733868726235,0.5461733868726212,2416.7603153103023,0
8.43799653135173,7.782392703827478,0.5065130687495698,0.5065130687495702,4146.491106210477,0
6.223236807192468,7.755374055620566,0.543733020915106,0.54373302091511,4149.143611147249,0
2.784583741466707,7.375666992074171,0.6774684705497571,0.6774684705497604,1748.2314242991383,0
3.044969600533069,6.254224063226864,0.6688086862091689,0.6688086862091668,3233.098576272693,0
6.069066812583888,7.670553147635184,0.5315085743185981,0.5315085743186013,2952.7225160603944,0
6.114860920614791,7.803164775464028,0.5357518216801899,0.535751821680194,4039.466393247869,0
25.481405711621004,7.354580862470998,0.3926995048096113,0.3926995048096132,2812.0710882803105,0
7.407180918476847,7.646384384424357,0.4976876229494747,0.4976876229494787,2763.213002668174,0
7.353500795668358,7.591316022082568,0.4741764851520084,0.4741764851520092,2488.8918567924934,0
10.130278946705063,7.782505903811625,0.4342478169729636,0.434247816972967,3567.640426215265,0
8.151325238733081,7.732358143953748,0.4536456593294599,0.4536456593294645,3105.7481169006105,0
10.828987042883751,7.710913020292135,0.4747310184003893,0.4747310184003924,2819.6581688165124,0
8.763186439481316,7.741052747772063,0.4571822024119955,0.4571822024119988,2946.2143255597744,0
8.030684358067663,7.242520149132989,0.4729185030470562,0.4729185030470555,1372.1242007937658,0
4.70538155171166,6.546379546983919,0.6381447426212167,0.6381447426212177,4559.593265413242,0
4.157003242622698,6.498688999925295,0.6651566531695926,0.6651566531695975,4762.589524775901,0
15.446556489673984,7.773752281728293,0.3843484612534452,0.3843484612534464,3446.6845449459925,0
6.830569309279751,7.659034039401101,0.483246737406385,0.4832467374063859,3001.554657961861,0
13.475027755251604,7.697054220725137,0.4014420174385095,0.4014420174385041,2770.097379995606,0
6.318639371516072,7.460185822933692,0.5043156298608332,0.5043156298608342,1968.189358207123,0
7.130432122219382,7.439683357707624,0.5184813460364587,0.5184813460364617,1865.0601669310283,0
8.816775571811155,7.543037223337857,0.4926734809651117,0.4926734809651131,2477.995751384324,0
13.255128485273527,7.728852670207151,0.4601707073624778,0.4601707073624812,4663.8492985857365,0
16.542463445218843,7.337625585878382,0.4075918202578865,0.4075918202578886,1560.356312577354,0
11.24887669943248,7.326171243150787,0.403253981862503,0.4032539818625035,1542.618423459232,0
14.214435944600751,7.426279343600138,0.4458357272137644,0.4458357272137676,1797.8711847701434,0
8.18235069002683,7.561366469776188,0.4333892497519631,0.4333892497519618,2227.647600408142,0
7.250973525187229,7.486449502374336,0.4504646342865203,0.4504646342865213,2011.5093822842268,0
8.55451340350194,7.827542080060747,0.5039391787020493,0.5039391787020521,4027.3277091215614,1
11.564357946626618,7.869310169925709,0.5708586037376229,0.5708586037376276,5320.666573803575,1
10.830993334978366,7.715701770112897,0.4888371884637434,0.488837188463747,2947.5152741381253,1
7.786815616379506,7.571748143912779,0.540206155990953,0.5402061559909579,2449.6101865858923,1
8.919154185629449,7.586267957672509,0.4904015817829606,0.4904015817829634,2341.4010960634246,1
9.199347206941615,7.828014169506309,0.5236404764375338,0.5236404764375382,3563.271898687631,1
14.418327796349107,7.712181018070717,0.4161851316399343,0.416185131639938,2832.0925698112,1
6.44014028396141,7.521975003279235,0.4805578872532988,0.4805578872533023,2094.79906514038,1
6.538676194507712,7.455510990385268,0.6146529453424775,0.6146529453424786,1971.2129673999975,1
12.516009525120122,7.86630032553056,0.4421993235788705,0.4421993235788749,4105.078574387695,1
13.827337340850848,7.890503078292149,0.4672228314379839,0.4672228314379879,4807.621024879148,1
7.166641922482074,7.722489046860639,0.4663880842948845,0.4663880842948857,2998.248134560316,1
7.4313090118867215,7.660752414708446,0.4641833348991619,0.4641833348991629,2631.913845641975,1
8.55451340350194,7.827542080060747,0.5039391787020493,0.5039391787020521,4027.3277091215614,1
23.49726685101647,7.852336831153574,0.4094269733180161,0.4094269733180196,4256.913964536249,1
8.564973814121057,7.822978116671594,0.5035141837192971,0.5035141837193005,4015.7757709873,1
9.98809092816877,7.78111568356162,0.4316738261496261,0.4316738261496226,3291.751268813028,1
21.92831077876022,7.864513054268197,0.3586174862287224,0.3586174862287237,3811.395923346786,1
14.365537685660152,7.792960818688769,0.4730252793398578,0.4730252793398622,3720.0862179878936,1
7.435438960437034,7.711406031820022,0.4638837900816773,0.4638837900816814,2969.099227032624,1
14.523197630166813,7.652906115646739,0.5525785155321211,0.5525785155321112,2561.114264945495,1
15.20806196585218,7.613146476180793,0.4439306875095683,0.4439306875095713,2457.280369882277,1
8.448546056078625,7.705219061246483,0.5321614985030496,0.5321614985030543,3761.69335791064,1
8.083396581246035,7.81730774029878,0.5158085217791362,0.5158085217791386,3968.305693180143,1
21.92831077876022,7.864513054268197,0.3586174862287224,0.3586174862287237,3811.395923346786,1
13.904499873501528,7.804280847824867,0.463852987376505,0.4638529873765089,3411.430423452357,1
6.44014028396141,7.521975003279235,0.4805578872532988,0.4805578872533023,2094.79906514038,1
8.090535843810704,7.718839542005047,0.5887748113466013,0.5887748113466043,4815.146008981712,1
14.365537685660152,7.792960818688769,0.4730252793398578,0.4730252793398622,3720.0862179878936,1
6.554757896840729,7.84180448728563,0.4896410951262769,0.4896410951262798,3930.8348603974314,1
14.523197630166813,7.652906115646739,0.5525785155321211,0.5525785155321112,2561.114264945495,1
10.227762374373938,7.724451084745619,0.4170754749238872,0.417075474923888,2887.490639033654,1
10.830993334978366,7.715701770112897,0.4888371884637434,0.488837188463747,2947.5152741381253,1
6.04298473671316,7.58981299988617,0.5394711721501084,0.5394711721501123,2639.733145211589,1
10.115440301137518,7.600138022972679,0.5069252143237221,0.5069252143237263,2574.392469387956,1
14.418327796349107,7.712181018070717,0.4161851316399343,0.416185131639938,2832.0925698112,1
14.63553417071024,7.808744406403889,0.442736683596695,0.4427366835966991,3389.2182229270684,1
9.103035987444166,7.80279240863087,0.4766373112383912,0.4766373112383942,3660.830721322718,1
5.896827883438067,7.69301020162666,0.5306164006759583,0.5306164006759623,2832.7826630287896,1
25.0351002684268,7.886991362233591,0.3881037180500067,0.3881037180500099,4233.900088343694,1
12.059933832618976,7.639278095915148,0.4721388538327775,0.4721388538327806,2462.2237982769275,1
6.44014028396141,7.521975003279235,0.4805578872532988,0.4805578872533023,2094.79906514038,1
11.30988311968472,7.623256340476049,0.5223430014482406,0.5223430014482451,2766.276708434694,1
6.731452456535839,7.843426610820321,0.4873428657418666,0.4873428657418695,3926.115773938193,1
13.414557597617684,7.805219811640214,0.4669929534428859,0.4669929534428896,3413.1867717051346,1
17.75432049475179,7.809234360891814,0.3956723769259351,0.3956723769259388,3380.533548352721,1
7.071135156778327,7.753615484272014,0.5534076587441285,0.5534076587441321,5332.878996781439,1
22.9163575168996,7.72686385696371,0.3886422929986985,0.3886422929987023,2873.403092844929,1
8.583512224911399,6.929829137952656,0.5989628049659406,0.5989628049659409,5198.519064235962,1
9.655201952686298,7.731097607946603,0.5296383271751064,0.5296383271751111,3663.022594838241,1
14.415640323081558,7.809328225521357,0.4629691833840973,0.462969183384101,3471.990109802937,1
11.954139536474088,7.626851419176218,0.4724559755737661,0.472455975573769,2422.078771469629,1
17.353176112389217,7.821336077340845,0.4306398524387869,0.4306398524387909,3483.9239203515185,1
6.798396139590724,7.551458674112441,0.5526765920458987,0.5526765920459019,2808.411493619583,1
12.040844067743222,7.893922206946664,0.4678906031893516,0.4678906031893564,4395.457371276752,1
7.914251029632791,7.815474147876049,0.5258614140399364,0.5258614140399392,3934.457960405485,1
10.227762374373938,7.724451084745619,0.4170754749238872,0.417075474923888,2887.490639033654,1
13.48218067514528,7.871782312338406,0.4482952189393374,0.4482952189393402,3915.748098182186,1
11.025284112991406,7.805315993716427,0.4857072240859076,0.4857072240859107,3516.829456340592,1
7.4313090118867215,7.660752414708446,0.4641833348991619,0.4641833348991629,2631.913845641975,1
12.337288924336969,7.845078668570771,0.4680882977304041,0.4680882977304073,3800.778710133524,1
6.731452456535839,7.843426610820321,0.4873428657418666,0.4873428657418695,3926.115773938193,1
6.538676194507712,7.455510990385268,0.6146529453424775,0.6146529453424786,1971.2129673999975,1
14.660258789152842,7.507555168601048,0.453119117599388,0.453119117599391,2024.0074476042876,1
17.941159271446182,7.770086008942071,0.4116188469528892,0.4116188469528917,3251.8216279173166,1
8.474374472838297,7.563246374368749,0.5075526548013759,0.5075526548013791,2501.395629908248,1
7.116007710768626,7.529119767026936,0.5673609445437329,0.5673609445437368,2501.627160589808,1
10.959751770841065,7.7771563539155775,0.4841583589972083,0.4841583589972124,3290.0409588028097,1
10.115440301137518,7.600138022972679,0.5069252143237221,0.5069252143237263,2574.392469387956,1
13.904499873501528,7.804280847824867,0.463852987376505,0.4638529873765089,3411.430423452357,1
7.985526252224978,7.750785515308161,0.5512867415836842,0.5512867415836888,3261.234011724023,1
17.941159271446182,7.770086008942071,0.4116188469528892,0.4116188469528917,3251.8216279173166,1
5.8217008456469,6.994647735192482,0.6380655530474805,0.6380655530474837,4553.880443346837,1
8.048938896274427,7.59232883290273,0.5505799472228974,0.5505799472228985,2873.3622439924025,1
10.375043723532915,7.5872575875135535,0.5020322877936515,0.5020322877936558,2565.8748774107503,1
6.7631309242725886,7.846032520444169,0.4864528471298201,0.486452847129823,3943.988954066306,1
12.516009525120122,7.86630032553056,0.4421993235788705,0.4421993235788749,4105.078574387695,1
13.759804164549717,7.857873631410122,0.4943273087663073,0.4943273087663115,4378.378168171192,1
14.660258789152842,7.507555168601048,0.453119117599388,0.453119117599391,2024.0074476042876,1
7.4313090118867215,7.660752414708446,0.4641833348991619,0.4641833348991629,2631.913845641975,1
19.206347124600217,7.866412971896958,0.4307222019375173,0.4307222019375204,3945.948907897164,1
17.571739160157524,7.69541609908018,0.3975752520296304,0.3975752520296337,2660.1288967216296,1
7.951594380262687,7.408571106371156,0.5374736798303635,0.5374736798303686,2731.0186934485077,1
15.20806196585218,7.613146476180793,0.4439306875095683,0.4439306875095713,2457.280369882277,1
6.538676194507712,7.455510990385268,0.6146529453424775,0.6146529453424786,1971.2129673999975,1
6.861363331379978,7.567905358272608,0.5673773475023801,0.5673773475023832,2367.6629597364545,1
6.001892564369499,7.515800785294675,0.5778485165723368,0.5778485165723409,2236.672984500331,1
10.115440301137518,7.600138022972679,0.5069252143237221,0.5069252143237263,2574.392469387956,1
12.516009525120122,7.86630032553056,0.4421993235788705,0.4421993235788749,4105.078574387695,1
9.264423897986996,7.772127096471174,0.5410301162196095,0.5410301162196145,3521.235312555156,1
14.734009188012378,7.515854489589884,0.460347889686546,0.4603478896865492,2050.546199806462,1
15.670979497325256,7.844951123662101,0.4431513730287312,0.4431513730287344,3779.291904463084,1
13.759804164549717,7.857873631410122,0.4943273087663073,0.4943273087663115,4378.378168171192,1
6.7631309242725886,7.846032520444169,0.4864528471298201,0.486452847129823,3943.988954066306,1
10.424634031888797,7.86443833108677,0.4683103188179712,0.468310318817975,3994.307639711071,1
12.774183517628984,7.650512500601696,0.5163028330092991,0.5163028330092998,3364.452874387682,1
7.529502293680583,7.653424636970092,0.4592641146946274,0.459264114694628,2621.376209127433,1
6.399695841933273,7.509827527291868,0.4864659401202623,0.4864659401202652,2091.6534368929583,1
10.830993334978366,7.715701770112897,0.4888371884637434,0.488837188463747,2947.5152741381253,1
8.805442723307529,7.81788836012262,0.5064320850654646,0.5064320850654674,4044.482371812222,1
7.137660743891383,7.845216760821023,0.4821540312693053,0.4821540312693096,3920.2302361326488,1
13.904499873501528,7.804280847824867,0.463852987376505,0.4638529873765089,3411.430423452357,1
14.8495712523468,7.497748563777926,0.4562690292109653,0.4562690292109685,1997.5178267756592,1
20.66944540255086,7.827963767133083,0.3715384683837719,0.3715384683837726,3504.223397982922,1
6.518885262993371,7.771998621891852,0.4836970627939213,0.4836970627939251,3312.16308866073,1
25.0351002684268,7.886991362233591,0.3881037180500067,0.3881037180500099,4233.900088343694,1
6.538676194507712,7.455510990385268,0.6146529453424775,0.6146529453424786,1971.2129673999975,1
13.904762795802563,7.671100518717186,0.4349428945068953,0.4349428945068996,2660.617321713972,1
7.4313090118867215,7.660752414708446,0.4641833348991619,0.4641833348991629,2631.913845641975,1
13.152078871907536,7.833517373137266,0.429118248354056,0.4291182483540559,3848.127143523034,1
14.8495712523468,7.497748563777926,0.4562690292109653,0.4562690292109685,1997.5178267756592,1
10.12623048004442,7.59973627603957,0.5057690485952733,0.5057690485952778,2576.608940168978,1
10.953204670665766,7.769953802843999,0.4795764198283236,0.479576419828327,3244.9885402793184,1
25.418222233418707,7.824830071469689,0.4190278263452054,0.4190278263452088,3615.0583807588414,1
10.227762374373938,7.724451084745619,0.4170754749238872,0.417075474923888,2887.490639033654,1
17.571739160157524,7.69541609908018,0.3975752520296304,0.3975752520296337,2660.1288967216296,1
6.44014028396141,7.521975003279235,0.4805578872532988,0.4805578872533023,2094.79906514038,1
23.49726685101647,7.852336831153574,0.4094269733180161,0.4094269733180196,4256.913964536249,1
9.543795756248924,7.605699615888951,0.5492751511360621,0.5492751511360674,2724.5665416498045,1
10.375043723532915,7.5872575875135535,0.5020322877936515,0.5020322877936558,2565.8748774107503,1
6.412667351279117,7.616141541799779,0.4885835765425625,0.4885835765425658,2500.230667093318,1
8.048938896274427,7.59232883290273,0.5505799472228974,0.5505799472228985,2873.3622439924025,1
13.759804164549717,7.857873631410122,0.4943273087663073,0.4943273087663115,4378.378168171192,1
7.529502293680583,7.653424636970092,0.4592641146946274,0.459264114694628,2621.376209127433,1
14.25639176700765,7.742918737693353,0.4636655781019212,0.4636655781019246,3049.2608269954644,1
10.57567743165471,7.754181758440163,0.4889826222309005,0.488982622230904,3166.364500267272,1
6.518885262993371,7.771998621891852,0.4836970627939213,0.4836970627939251,3312.16308866073,1
14.903128606156578,7.884512832449838,0.4192772914581155,0.419277291458119,4074.2291208426486,1
14.523197630166813,7.652906115646739,0.5525785155321211,0.5525785155321112,2561.114264945495,1
6.055193415753786,7.5292878784702495,0.5896281921209361,0.5896281921209382,2670.99377262706,1
4.695821117408433,7.557648822734917,0.644209497200443,0.6442094972004473,3083.767509097433,1
6.800307006151929,7.761988348205208,0.5102845195444241,0.5102845195444278,3623.6016187148166,1
7.833794431746904,7.530764862562071,0.5574571413047604,0.5574571413047648,2228.982582469664,1
7.647766589234687,7.656840427151868,0.5613313940045158,0.561331394004517,3200.366704588381,1
5.637472762180014,7.642938578041263,0.5607951620880258,0.56079516208803,3107.349252326658,1
11.541769121462602,7.732497466561355,0.4826322910196623,0.482632291019664,3596.347174295079,1
8.157459399108465,7.670344778393026,0.560405390594486,0.5604053905944912,4099.8940401572,1
13.724253267772555,7.625564167608373,0.5009276718466635,0.5009276718466673,2607.3703550307982,1
9.61842926452477,7.502696723723599,0.4675436084525649,0.4675436084525655,2063.9473123460057,1
14.23567987271266,7.67696539333882,0.48898014666688,0.4889801466668837,2796.29203682985,1
11.33086504413306,7.55262676177159,0.488549129531639,0.4885491295316393,2460.292463368587,1
10.548862494418923,7.506473994710258,0.4520392083675494,0.4520392083675502,2074.3281960728423,1
14.955553466522614,7.619409001945221,0.441822296717846,0.4418222967178468,2423.809607737652,1
9.174994842470598,7.386524080191185,0.5295044797600021,0.5295044797600076,1928.7261302966187,1
10.375043723532915,7.5872575875135535,0.5020322877936515,0.5020322877936558,2565.8748774107503,1
8.873893606458306,7.575843582370954,0.5424799987927843,0.542479998792786,2734.1304208212487,1
10.806237007511085,7.528932813126769,0.4470898448378164,0.4470898448378167,2108.797507456803,1
7.430320944663476,7.623712763612062,0.5700705953176126,0.5700705953176132,2982.1095357826907,1
6.2873105277864845,7.606504323209617,0.5902102061650183,0.5902102061650181,3312.1238497744807,1
7.833794431746904,7.530764862562071,0.5574571413047604,0.5574571413047648,2228.982582469664,1
6.059431281525843,7.666285467112589,0.5408293682339668,0.5408293682339668,3291.926961267354,1
7.3526288729024225,7.648087328851031,0.582407091094166,0.5824070910941725,3657.330611537548,1
4.239770828806985,7.529986698436135,0.6402909161619977,0.6402909161620028,2757.446391767256,1
10.375043723532915,7.5872575875135535,0.5020322877936515,0.5020322877936558,2565.8748774107503,1
5.637472762180014,7.642938578041263,0.5607951620880258,0.56079516208803,3107.349252326658,1
12.40914564708308,7.727492004021397,0.5108098924159196,0.51080989241592,3898.565398455624,1
9.569515074760153,7.719642623382292,0.5055591517588343,0.5055591517588354,3809.728676853368,1
14.783894397200612,7.701596827792936,0.4582928165463846,0.4582928165463877,2899.968456086834,1
8.873893606458306,7.575843582370954,0.5424799987927843,0.542479998792786,2734.1304208212487,1
10.375043723532915,7.5872575875135535,0.5020322877936515,0.5020322877936558,2565.8748774107503,1
9.188751961442811,7.325161613095156,0.5381104990345744,0.5381104990345751,2776.458282266758,1
6.909654135754998,7.768505452090127,0.5062771300253799,0.5062771300253838,3622.837171713615,1
6.210060493490076,7.548370479224133,0.5950457566537372,0.5950457566537438,3181.042712706523,1
8.565114761365455,7.728885379323313,0.552930357554361,0.5529303575543619,3501.0991519711224,1
13.656068201272657,7.512126577791326,0.4774461151044756,0.4774461151044799,2431.7809864636247,1
11.746522138627403,7.525140007091759,0.4678445729444941,0.4678445729444938,2099.641720542567,1
9.900313057498812,7.67493595298127,0.5341080679668427,0.534108067966844,3573.671760956089,1
8.873893606458306,7.575843582370954,0.5424799987927843,0.542479998792786,2734.1304208212487,1
10.806237007511085,7.528932813126769,0.4470898448378164,0.4470898448378167,2108.797507456803,1
8.7814188099308,7.476051563960544,0.5386981263700072,0.5386981263700018,2405.7203205455044,1
3.082371913561424,6.818662827557844,0.6497719122188141,0.6497719122188086,965.8055163870524,1
14.23567987271266,7.67696539333882,0.48898014666688,0.4889801466668837,2796.29203682985,1
7.848994807072046,7.60511839849963,0.5860885729424449,0.5860885729424432,3087.853975078973,1
10.806237007511085,7.528932813126769,0.4470898448378164,0.4470898448378167,2108.797507456803,1
8.873893606458306,7.575843582370954,0.5424799987927843,0.542479998792786,2734.1304208212487,1
10.264799592801726,7.715621949835466,0.4979853398026178,0.4979853398026181,3890.82936917176,1
7.061679735272877,7.737891287551594,0.5987965634476787,0.5987965634476848,3858.787940533922,1
11.746522138627403,7.525140007091759,0.4678445729444941,0.4678445729444938,2099.641720542567,1
8.085079358675639,7.393327918249327,0.5538496489613778,0.5538496489613782,1721.902887771516,1
14.783894397200612,7.701596827792936,0.4582928165463846,0.4582928165463877,2899.968456086834,1
10.371109013820572,7.55480006921313,0.5026306132542513,0.5026306132542473,2771.8341499574744,1
7.3526288729024225,7.648087328851031,0.582407091094166,0.5824070910941725,3657.330611537548,1
6.800307006151929,7.761988348205208,0.5102845195444241,0.5102845195444278,3623.6016187148166,1
10.375043723532915,7.5872575875135535,0.5020322877936515,0.5020322877936558,2565.8748774107503,1
9.569515074760153,7.719642623382292,0.5055591517588343,0.5055591517588354,3809.728676853368,1
12.40914564708308,7.727492004021397,0.5108098924159196,0.51080989241592,3898.565398455624,1
8.873893606458306,7.575843582370954,0.5424799987927843,0.542479998792786,2734.1304208212487,1
6.152832198130708,7.516337969614304,0.5851185619073395,0.5851185619073448,3010.7242889882814,1
9.188751961442811,7.325161613095156,0.5381104990345744,0.5381104990345751,2776.458282266758,1
14.23567987271266,7.67696539333882,0.48898014666688,0.4889801466668837,2796.29203682985,1
14.783889770072316,7.713497825300634,0.4607661048695798,0.4607661048695834,2987.6137335773583,1
6.800307006151929,7.761988348205208,0.5102845195444241,0.5102845195444278,3623.6016187148166,1
10.092336991866354,7.712785482030436,0.4991471191291327,0.4991471191291342,3841.190124250981,1
7.833794431746904,7.530764862562071,0.5574571413047604,0.5574571413047648,2228.982582469664,1
9.24536923322891,7.573713760530858,0.5249716289978817,0.524971628997883,2923.6141546266804,1
4.397158519551715,7.514469827461847,0.6370001790823363,0.6370001790823404,2626.0119353682426,1
10.375043723532915,7.5872575875135535,0.5020322877936515,0.5020322877936558,2565.8748774107503,1
9.569515074760153,7.719642623382292,0.5055591517588343,0.5055591517588354,3809.728676853368,1
5.7239772268835605,7.4189981536435425,0.6168447605788674,0.6168447605788654,2568.807536729448,1
14.783889770072316,7.713497825300634,0.4607661048695798,0.4607661048695834,2987.6137335773583,1
14.23567987271266,7.67696539333882,0.48898014666688,0.4889801466668837,2796.29203682985,1
7.833794431746904,7.530764862562071,0.5574571413047604,0.5574571413047648,2228.982582469664,1
8.502803889964715,7.761310146555624,0.5587265338795548,0.5587265338795551,3625.501126185493,1
6.4476536013253,7.519809543506717,0.5744711074963997,0.5744711074964004,2586.32535384043,1
6.909654135754998,7.768505452090127,0.5062771300253799,0.5062771300253838,3622.837171713615,1
13.724253267772555,7.625564167608373,0.5009276718466635,0.5009276718466673,2607.3703550307982,1
6.059431281525843,7.666285467112589,0.5408293682339668,0.5408293682339668,3291.926961267354,1
7.587385713136699,7.572099267291328,0.5867143048406169,0.5867143048406223,3071.027652766496,1
8.873893606458306,7.575843582370954,0.5424799987927843,0.542479998792786,2734.1304208212487,1
8.210850190104656,7.538305552441029,0.5482337441722931,0.5482337441722966,2584.040921628097,1
11.30988311968472,7.623256340476049,0.5223430014482406,0.5223430014482451,2766.276708434694,1
10.092336991866354,7.712785482030436,0.4991471191291327,0.4991471191291342,3841.190124250981,1
6.657208786649703,7.479931616449655,0.5813197380659929,0.5813197380659927,2401.340292397373,1
8.321979213546182,7.729980579207749,0.5621965696245628,0.5621965696245688,3982.8269403956606,1
9.188751961442811,7.325161613095156,0.5381104990345744,0.5381104990345751,2776.458282266758,1
14.783889770072316,7.713497825300634,0.4607661048695798,0.4607661048695834,2987.6137335773583,1
9.569515074760153,7.719642623382292,0.5055591517588343,0.5055591517588354,3809.728676853368,1
2.16627182175694,6.873915747884704,0.6861440244910125,0.6861440244910084,1033.1373923173871,1
10.913368841444685,7.578889133087911,0.5232103714869097,0.5232103714869064,3004.381851361597,1
14.526585387930483,7.602556083227457,0.4482016245249453,0.4482016245249512,2357.8189929617165,1
9.188751961442811,7.325161613095156,0.5381104990345744,0.5381104990345751,2776.458282266758,1
14.526585387930483,7.602556083227457,0.4482016245249453,0.4482016245249512,2357.8189929617165,1
14.783894397200612,7.701596827792936,0.4582928165463846,0.4582928165463877,2899.968456086834,1
10.806237007511085,7.528932813126769,0.4470898448378164,0.4470898448378167,2108.797507456803,1
10.375043723532915,7.5872575875135535,0.5020322877936515,0.5020322877936558,2565.8748774107503,1
13.724253267772555,7.625564167608373,0.5009276718466635,0.5009276718466673,2607.3703550307982,1
4.251059566503487,7.358861307376054,0.6389777249502077,0.638977724950206,2467.5228225346573,1
6.059431281525843,7.666285467112589,0.5408293682339668,0.5408293682339668,3291.926961267354,1
14.23567987271266,7.67696539333882,0.48898014666688,0.4889801466668837,2796.29203682985,1
7.833794431746904,7.530764862562071,0.5574571413047604,0.5574571413047648,2228.982582469664,1
7.62619773463649,7.566784025835091,0.5806818595813535,0.5806818595813585,3032.146431497771,1
11.33086504413306,7.55262676177159,0.488549129531639,0.4885491295316393,2460.292463368587,1
